author,all,causes,whose,to,those,under,appointment,very,every,governments,force,even,established,what,appear,liberty,new,public,body,degree,men,here,let,others,consideration,great,experience,danger,from,would,two,few,themselves,more,particular,cases,circumstances,rights,this,can,give,states,united,thing,how,answer,may,such,law,a,so,over,years,still,its,might,then,them,nation,they,not,now,nor,articles,each,found,side,our,out,given,york,members,could,place,first,number,one,another,little,system,their,too,interests,that,part,than,nations,i,were,powers,and,constitutional,manner,have,any,latter,officers,also,take,which,measures,most,nothing,constitution,considered,principle,laws,treaties,judges,with,should,only,local,do,his,means,cannot,magistrate,him,common,though,where,national,are,best,subject,federal,state,between,never,nature,however,article,both,last,always,country,equal,against,foreign,whole,among,point,had,period,union,political,three,been,much,interest,sufficient,general,former,present,case,commerce,these,single,will,ought,many,is,it,itself,in,if,different,perhaps,make,administration,same,several,independent,upon,necessity,well,without,the,less,being,executive,yet,other,has,confederacy,government,situation,community,necessary,like,either,become,right,often,people,senate,some,authority,proper,for,shall,be,who,by,on,of,must,or,equally,own,into,within,because,parties,her,there,long,publius,was,war,form,but,TRUE,he,made,whether,us,supreme,certain,influence,an,britain,at,happen,as,no,when,power,congress,important,we,time,far
C,8,0,0,54,5,5,0,3,0,0,1,1,0,0,1,2,3,1,0,1,0,1,0,3,0,1,1,0,10,6,2,1,3,10,1,0,0,0,17,0,1,2,2,0,1,0,0,5,0,37,2,3,2,0,9,1,2,2,0,12,6,3,0,1,2,3,0,0,3,0,1,13,2,0,1,1,6,3,2,2,23,2,1,21,1,7,0,1,16,4,79,0,1,5,2,3,1,0,1,12,1,4,0,2,0,1,5,1,0,12,1,3,0,0,8,1,0,1,1,3,4,1,0,2,1,0,6,1,2,3,0,2,0,1,3,1,0,2,4,2,2,5,0,23,1,6,2,0,4,3,2,1,4,2,2,0,0,4,1,1,0,0,10,26,1,41,0,2,0,1,2,6,2,1,1,1,1,0,240,3,4,0,0,2,0,8,7,0,0,2,2,0,2,2,2,2,2,2,6,0,7,0,6,11,33,16,135,0,4,1,2,5,0,3,0,5,3,1,1,29,6,0,7,0,3,3,0,1,0,1,1,5,0,4,0,14,2,5,1,1,3,3,0,2
C,5,1,1,59,0,3,1,1,2,0,3,1,2,1,0,0,2,5,3,0,1,0,0,0,1,0,0,0,16,4,1,1,4,6,1,3,0,1,12,1,1,6,3,0,0,1,5,7,0,27,4,2,1,1,13,1,1,7,1,9,4,0,4,1,2,1,3,0,2,2,1,11,2,3,3,1,9,3,2,3,11,0,0,13,4,3,2,0,5,8,82,1,0,11,6,0,0,0,3,31,0,6,1,3,1,3,2,0,1,21,0,1,2,1,17,0,0,1,6,8,2,1,2,17,0,4,2,1,4,0,1,0,0,0,2,0,0,0,6,7,1,7,0,11,0,2,1,1,4,0,2,0,4,0,0,2,0,4,0,1,0,2,16,19,2,41,4,1,1,1,0,0,0,1,0,2,1,1,208,0,1,1,0,5,7,5,1,1,1,2,0,1,1,1,1,4,0,3,1,1,7,2,14,6,22,17,125,2,9,1,3,4,1,0,2,0,1,4,1,13,4,3,2,0,6,3,0,0,1,2,1,9,0,5,1,10,6,0,3,0,3,1,2,1
C,7,1,1,42,1,3,2,2,1,2,1,1,0,1,0,0,1,2,0,2,1,0,2,4,0,3,1,1,18,1,1,0,2,2,2,2,1,1,8,1,1,2,1,2,0,0,2,3,1,28,2,3,1,0,2,0,1,5,0,7,4,2,0,1,4,1,0,2,2,0,1,2,2,3,1,0,4,2,1,0,20,1,0,9,0,5,1,1,0,3,54,4,0,10,0,0,1,2,0,13,0,0,1,5,0,1,0,3,0,8,0,2,0,0,12,1,1,1,0,0,1,3,0,13,0,0,4,3,1,3,2,2,1,1,1,1,1,4,0,7,1,2,2,3,0,9,2,2,1,0,0,1,3,0,1,1,1,7,0,4,1,1,15,12,0,39,1,1,2,2,1,3,3,2,1,1,1,3,137,1,2,1,1,4,10,3,4,0,0,0,1,0,0,0,1,2,0,4,6,1,18,0,7,3,19,7,81,3,8,0,2,3,1,1,0,3,0,4,1,7,3,0,5,1,8,1,1,1,0,3,4,5,1,8,0,12,2,3,2,0,2,2,1,0
D,6,0,1,58,1,2,1,2,5,3,1,1,1,0,1,0,2,6,0,0,2,0,1,2,1,5,0,3,5,22,3,1,3,3,0,1,1,2,5,4,0,0,0,3,2,1,4,3,0,33,4,0,0,2,8,6,0,7,3,5,13,0,1,0,3,1,4,2,2,0,1,4,3,2,1,4,4,0,1,0,14,3,0,21,2,1,0,2,2,2,42,5,0,5,3,1,0,1,1,20,1,4,0,4,1,3,1,0,1,11,2,4,0,3,3,1,0,0,0,1,0,0,1,15,0,1,0,2,1,1,4,2,0,0,2,1,0,2,9,0,2,3,0,4,0,0,1,1,3,3,1,1,0,1,2,3,0,1,0,1,6,2,18,26,2,34,3,2,2,0,1,4,4,0,0,0,2,2,178,3,1,4,0,6,2,0,12,0,2,2,2,1,0,1,0,17,0,2,2,1,11,2,47,5,15,16,101,3,10,1,1,1,2,1,3,0,2,0,1,1,0,0,8,4,3,4,1,1,0,1,4,11,0,2,1,15,4,2,5,0,0,4,1,2
D,5,0,0,28,1,3,0,3,2,0,1,2,0,0,1,1,1,2,2,0,2,0,0,2,1,0,0,1,8,11,3,0,2,0,2,0,3,0,7,0,0,1,0,0,0,0,4,1,0,14,1,1,2,0,3,3,0,8,0,7,10,0,1,0,3,0,0,0,0,2,1,7,0,3,3,1,4,0,1,0,13,0,0,12,0,0,0,5,1,0,33,2,0,12,5,0,0,1,0,9,5,1,0,7,0,0,0,0,0,5,1,0,0,1,0,1,1,0,0,1,0,1,0,4,0,0,0,6,0,1,0,1,0,0,1,0,0,0,1,0,0,0,0,9,4,0,0,0,13,0,0,0,0,0,1,3,0,3,1,7,1,0,6,16,1,28,4,1,2,0,2,9,4,0,1,0,1,3,101,0,0,4,0,8,1,0,2,0,0,0,0,3,0,0,1,4,0,5,0,1,6,0,31,3,11,11,60,1,8,1,0,2,6,1,5,0,0,2,1,4,0,0,1,0,0,2,4,0,0,0,0,3,0,9,0,11,0,2,2,0,2,1,3,0
D,12,0,1,50,3,4,1,4,3,3,0,2,0,2,1,2,1,2,0,1,4,0,0,3,1,5,1,3,7,9,3,1,1,5,2,2,0,11,13,3,1,3,3,0,0,1,17,6,0,46,5,2,0,1,4,4,2,3,0,2,9,0,2,0,11,2,0,0,0,1,1,4,1,5,6,2,4,1,5,4,7,1,7,25,2,3,0,2,4,3,40,3,1,3,1,4,0,1,1,14,0,0,0,3,0,4,0,0,1,6,9,3,0,0,0,2,1,2,0,3,0,2,0,9,3,1,5,7,2,0,4,1,0,2,0,0,1,1,8,0,3,3,1,1,0,1,0,0,2,1,3,1,2,4,0,1,0,4,2,23,1,2,20,32,7,50,7,7,3,0,1,5,6,5,0,2,4,2,202,6,3,4,0,13,2,1,22,0,1,6,1,0,0,0,0,8,0,6,6,2,13,1,63,1,23,21,113,11,7,1,2,5,2,3,4,0,4,0,1,1,0,2,9,0,0,2,0,1,2,2,0,5,0,3,0,28,4,0,7,0,2,2,1,0
D,3,0,2,72,4,10,0,6,5,2,0,3,4,2,1,5,5,2,0,3,0,1,2,0,1,2,2,1,12,8,1,3,1,7,6,0,3,3,15,7,0,9,4,0,0,0,7,1,0,35,5,3,9,2,6,3,1,4,0,5,11,0,0,0,0,1,1,2,0,0,1,1,0,3,7,0,4,2,3,1,9,3,0,30,4,0,0,5,10,0,37,0,1,19,7,1,0,2,0,21,0,3,0,4,2,1,0,0,0,11,4,6,0,0,3,2,3,0,0,1,0,1,0,8,3,2,8,9,2,0,0,0,2,1,2,1,1,0,0,0,1,2,0,2,4,0,1,5,16,1,1,1,3,3,1,3,0,7,0,10,5,0,19,32,2,33,5,3,0,0,0,5,2,0,0,0,3,1,186,4,5,0,0,8,3,0,10,0,0,4,0,0,0,3,1,13,0,3,1,2,13,2,46,0,22,19,101,9,7,0,0,1,2,2,0,0,0,1,1,11,0,0,6,0,1,3,4,3,1,0,2,3,2,7,0,16,4,3,3,1,0,5,5,3
D,9,1,1,73,5,1,0,9,4,0,0,4,6,4,1,5,3,6,0,2,2,2,0,0,0,3,2,2,11,6,2,1,2,10,3,3,4,1,15,13,0,16,3,0,4,2,7,4,2,48,4,0,3,0,2,3,1,7,1,12,19,0,0,1,3,1,2,4,0,2,1,7,2,3,1,0,7,1,3,0,4,0,0,24,3,7,3,3,4,0,62,1,0,7,6,0,0,4,0,23,0,8,0,6,1,1,7,1,0,11,0,4,2,0,3,5,1,0,0,0,0,6,1,19,1,5,9,8,7,0,0,0,0,3,1,0,1,0,2,3,0,3,2,0,7,2,1,0,7,3,0,2,2,0,0,4,2,10,5,25,6,2,28,18,0,45,7,7,3,0,0,2,4,0,0,1,4,3,194,6,1,0,3,14,8,0,15,0,0,3,0,2,5,0,2,7,1,12,2,2,21,1,51,4,31,8,128,2,12,0,1,2,4,0,0,0,2,1,1,4,0,3,11,4,3,0,1,2,1,1,0,6,1,2,0,22,10,1,4,1,1,4,5,3
D,10,0,0,61,6,4,2,6,1,0,1,1,1,2,2,2,3,2,1,2,1,0,2,3,0,2,0,0,13,6,2,0,2,6,1,1,0,6,21,0,0,24,1,0,0,0,10,3,2,35,1,3,0,1,2,4,1,10,0,11,18,0,2,0,9,1,2,4,0,1,2,1,2,1,0,6,7,5,3,1,12,1,2,28,4,4,0,4,6,0,38,0,2,16,7,2,0,1,2,25,0,1,0,10,6,6,6,0,0,12,4,3,0,0,9,1,0,0,0,1,2,0,0,15,1,2,10,16,0,0,0,1,2,2,0,0,0,5,2,0,1,1,1,3,0,1,0,0,4,0,1,0,1,1,0,8,0,3,3,15,8,0,35,27,2,65,5,1,3,0,0,7,3,0,2,0,2,1,204,3,6,0,1,15,2,1,5,1,0,1,2,0,0,3,0,5,0,7,0,3,10,2,40,6,26,19,117,2,9,1,1,5,0,1,1,0,1,0,1,1,0,0,8,2,2,0,1,0,0,1,4,9,0,2,0,36,8,5,0,1,0,4,0,1
D,4,0,2,78,0,5,0,7,12,0,2,1,0,3,0,2,2,5,1,4,4,3,1,0,0,2,1,3,12,10,3,4,3,11,1,1,4,0,12,8,2,8,3,0,1,1,11,2,0,48,7,2,8,3,0,1,2,4,1,16,14,2,3,1,1,2,0,7,1,1,2,7,2,1,5,19,9,3,1,0,16,1,1,32,1,15,1,10,6,1,48,0,1,6,8,3,0,1,1,29,0,4,2,5,0,0,0,0,0,11,1,1,1,2,0,4,4,0,0,1,1,4,0,13,0,1,6,7,5,1,1,0,1,1,1,1,2,1,4,3,4,3,2,3,2,0,4,5,6,1,0,2,3,0,2,2,0,3,0,20,5,3,25,17,0,30,5,2,0,0,0,3,2,1,0,0,2,2,182,5,0,0,1,11,5,0,4,0,0,2,0,2,1,0,0,9,2,1,0,1,17,1,51,3,14,9,122,6,20,1,2,0,5,0,0,1,5,0,1,2,1,2,5,1,0,2,3,4,0,4,0,4,0,17,1,12,4,1,4,4,0,6,10,1
D,9,0,1,39,4,1,0,10,7,0,2,2,0,2,0,0,1,0,0,3,2,1,0,1,0,6,1,0,9,4,2,6,1,7,4,3,10,2,13,4,2,10,2,1,0,1,10,0,1,48,3,0,0,0,5,4,1,10,3,4,11,0,0,0,8,2,0,0,0,2,1,3,0,0,0,8,5,2,5,0,9,1,10,18,4,6,0,0,2,0,53,0,0,8,5,1,0,1,0,19,0,2,0,0,1,2,7,0,0,15,0,5,10,3,2,0,2,1,1,0,0,1,0,12,1,2,7,21,0,0,0,3,0,2,0,0,0,0,2,0,3,3,0,1,0,1,2,1,5,5,1,4,2,0,1,2,3,6,2,29,3,3,10,20,2,31,0,7,0,0,0,4,1,0,0,0,0,2,137,1,0,2,1,5,4,0,2,3,0,5,0,2,0,0,0,4,0,3,4,3,7,0,36,2,10,11,112,2,3,0,1,4,7,0,0,0,3,0,1,2,0,0,8,0,0,5,0,0,0,1,1,3,1,5,0,10,2,0,1,1,1,4,5,4
D,7,1,1,74,5,2,0,7,13,2,0,0,1,5,1,3,7,5,1,0,4,1,2,0,1,5,1,0,11,6,4,6,2,9,2,2,2,1,13,7,0,5,2,1,1,1,4,3,2,37,7,0,0,2,3,1,1,6,1,15,15,1,2,0,4,2,0,2,0,0,4,3,1,5,3,4,10,1,1,1,23,1,1,31,2,10,0,4,2,0,54,1,0,11,5,0,0,1,1,30,1,9,1,4,0,2,2,0,0,3,0,3,0,0,4,3,4,0,4,2,0,1,0,26,0,1,6,13,4,0,4,2,0,1,4,1,2,0,5,1,3,0,1,1,0,1,1,0,4,0,2,1,1,0,1,1,0,8,1,24,1,8,34,26,3,40,6,0,1,1,1,4,0,0,0,0,2,3,216,5,0,2,3,3,4,0,14,2,0,2,1,0,0,6,0,19,0,5,1,1,19,3,43,8,25,19,151,4,22,0,2,2,0,0,0,5,4,0,1,4,0,3,8,0,3,0,2,1,0,0,1,6,0,6,1,24,4,3,2,2,1,9,2,2
D,14,1,0,61,4,4,0,2,8,1,2,2,0,0,0,0,3,3,1,1,2,1,0,1,0,2,2,1,10,12,3,3,2,13,4,4,2,0,14,5,0,17,0,0,0,0,10,4,0,51,1,5,2,1,7,8,0,5,0,10,14,1,1,0,2,1,3,0,0,0,1,4,1,4,4,19,5,1,1,0,13,3,1,33,1,5,1,5,2,0,47,4,0,18,5,6,0,1,2,27,3,7,1,10,1,2,1,0,0,13,2,5,2,1,1,1,3,0,0,1,1,3,0,7,0,5,5,6,3,1,0,2,0,1,0,0,1,2,7,0,4,3,2,2,0,0,0,1,14,2,3,2,4,4,2,0,0,6,3,37,2,0,17,24,1,58,6,0,1,1,0,3,2,0,0,0,1,0,213,0,1,0,1,9,11,0,9,0,0,0,2,0,1,1,1,10,6,4,1,2,13,3,52,5,22,18,117,3,11,0,1,2,1,0,0,0,2,0,1,1,0,0,7,0,0,1,0,1,0,2,2,9,0,5,0,21,5,2,3,0,0,4,6,3
D,11,0,2,80,5,2,5,0,11,7,0,1,0,7,1,1,6,6,2,1,3,0,0,1,0,4,0,1,21,5,4,4,2,13,2,1,0,0,17,9,0,15,2,0,1,0,17,5,3,75,9,2,4,3,3,3,2,5,4,8,17,2,1,0,6,1,0,4,3,1,1,1,0,1,7,3,6,7,3,2,13,1,2,35,3,7,3,6,0,2,69,1,1,7,6,2,0,1,0,32,3,7,0,5,2,0,5,0,0,13,2,2,0,0,9,1,2,0,2,3,1,1,5,15,3,2,3,6,4,0,2,2,0,3,2,1,1,4,4,3,0,3,3,0,2,0,3,0,4,1,1,1,0,4,1,0,2,6,1,17,9,7,37,31,2,50,5,1,2,0,0,1,0,1,0,2,4,6,192,6,2,0,0,6,3,0,19,3,0,1,0,0,0,1,0,10,10,5,2,2,16,0,61,5,28,19,145,11,12,1,3,6,1,0,1,4,0,1,1,0,0,2,12,0,2,2,0,0,0,1,1,13,0,5,0,16,9,2,2,0,3,0,2,1
D,10,2,1,88,5,3,2,3,6,6,2,4,0,3,3,4,3,6,13,2,4,2,0,3,1,2,2,4,16,11,7,1,6,4,5,3,2,0,17,14,0,5,3,1,2,3,18,10,0,58,6,4,6,1,17,5,2,5,0,6,26,1,3,0,2,2,2,2,2,2,1,4,4,1,5,2,9,0,2,0,16,0,1,50,5,8,4,11,5,1,68,1,0,21,9,6,1,3,0,36,10,8,1,6,4,2,1,0,0,16,2,11,0,1,0,3,4,0,0,1,1,3,5,12,1,4,6,6,2,3,0,3,0,0,1,0,1,1,8,3,5,1,1,7,2,1,1,0,11,0,1,2,4,8,0,1,0,9,0,19,7,5,36,40,4,68,8,1,3,0,1,6,1,1,0,2,4,5,290,5,3,2,2,11,5,0,9,1,2,4,2,0,0,2,1,42,23,12,3,2,26,1,60,3,51,20,176,12,16,0,6,6,4,1,0,2,8,0,1,9,1,2,13,2,0,2,0,3,0,1,2,18,0,12,1,30,6,3,7,0,3,6,4,3
H,13,1,0,83,7,3,0,1,3,0,3,3,0,3,1,0,2,0,0,0,2,0,3,1,2,9,1,0,19,50,1,1,3,9,2,0,2,4,24,5,1,13,4,0,0,3,9,6,0,69,4,1,0,2,6,7,2,6,4,10,20,1,0,3,7,0,1,35,0,1,1,0,3,0,1,2,5,3,3,4,11,3,4,24,8,6,6,1,2,2,70,0,1,15,4,1,0,1,1,25,0,5,1,0,1,0,0,0,0,22,3,5,1,2,1,2,0,0,0,2,0,0,4,9,0,2,1,5,4,0,2,0,0,0,0,0,5,0,1,4,0,1,1,1,1,7,2,2,3,3,4,1,1,0,2,1,11,7,2,17,1,0,9,21,1,66,6,4,1,2,0,3,2,0,6,2,3,2,188,3,3,0,0,10,8,2,5,4,0,0,0,3,2,0,2,1,0,2,0,1,18,3,44,5,20,5,180,2,12,0,4,4,1,1,1,13,8,3,1,0,1,0,8,0,0,0,1,16,0,2,1,15,4,11,1,21,5,4,3,0,1,12,3,3
H,6,0,0,82,3,2,0,2,4,1,0,2,0,2,1,0,3,3,0,2,2,1,0,0,0,6,2,0,19,22,1,2,1,5,0,0,1,1,17,2,0,10,2,0,2,1,3,3,0,47,6,0,0,0,8,2,0,6,2,8,6,1,1,1,4,3,1,5,1,0,1,0,2,0,0,2,5,1,2,1,14,3,4,27,4,4,3,1,0,1,62,0,0,13,7,1,0,1,0,23,1,4,2,0,0,0,3,0,0,18,4,0,0,0,2,3,4,0,0,0,0,3,4,15,3,4,1,12,5,1,2,0,3,3,0,1,6,0,3,3,1,1,1,3,0,4,2,1,8,5,1,0,1,0,2,0,8,8,2,11,0,0,22,26,1,54,7,1,1,1,1,2,1,0,7,1,4,3,176,1,2,0,1,14,13,0,8,3,1,0,0,0,1,1,0,4,0,2,0,1,8,1,40,1,15,12,141,16,7,1,1,7,1,0,0,1,9,4,1,0,1,1,8,1,1,3,0,3,0,0,2,11,3,13,0,19,2,0,1,0,0,5,3,6
H,3,1,0,43,0,2,0,1,3,1,1,1,0,0,2,1,4,1,0,1,1,0,0,0,1,4,0,1,5,14,1,0,2,6,0,0,1,0,5,4,2,9,1,0,0,0,8,1,0,26,3,0,0,1,2,0,0,1,0,3,5,0,1,0,4,0,1,0,1,1,2,0,0,0,0,4,8,3,1,1,1,3,1,18,2,10,2,0,0,0,17,0,1,4,3,0,0,1,3,11,0,2,1,0,0,1,0,0,0,10,0,0,0,1,0,0,0,0,0,0,0,0,4,4,0,1,0,4,1,1,0,1,0,0,0,0,0,0,1,1,2,0,0,0,0,1,0,2,2,3,0,1,1,0,0,1,2,0,0,9,0,2,9,6,1,14,6,3,0,0,1,3,2,0,2,0,1,0,74,5,2,0,0,1,2,7,7,0,0,2,1,0,0,0,0,3,0,0,1,0,1,3,25,3,5,3,58,3,3,0,1,7,0,1,0,10,9,0,1,0,0,1,2,1,0,0,0,1,0,1,0,3,2,1,0,8,4,4,5,0,0,11,1,1
H,21,1,1,117,10,4,1,1,8,1,1,3,0,3,3,0,3,5,1,0,9,1,2,0,0,2,4,1,22,13,1,0,3,6,3,0,2,1,24,14,1,11,2,2,4,0,7,2,1,69,2,2,0,7,8,0,0,4,1,15,16,2,4,0,5,4,0,20,1,0,1,5,3,3,5,3,1,0,3,2,7,2,3,38,6,10,3,5,8,4,74,2,1,31,3,0,0,0,0,55,4,3,3,4,1,5,5,1,0,19,6,8,1,5,1,1,2,0,0,5,2,2,9,22,1,3,5,6,2,1,3,1,0,0,4,2,2,0,4,4,1,4,2,2,0,12,5,0,14,1,5,0,7,0,4,1,1,6,0,19,3,0,48,30,2,73,7,2,1,2,2,6,0,2,10,1,1,7,254,2,2,0,2,6,14,2,13,3,1,2,0,2,1,2,2,5,0,2,7,3,18,1,44,6,32,10,196,9,38,0,2,4,1,1,1,0,18,4,1,3,2,1,8,2,0,0,1,17,0,1,3,18,0,24,0,15,6,4,9,1,3,24,6,0
H,9,1,0,89,10,2,0,2,1,3,4,5,0,2,2,1,1,0,2,1,1,1,0,0,0,1,1,2,11,36,0,0,2,6,3,1,0,1,18,1,2,11,0,0,1,1,5,4,2,37,3,1,0,0,17,2,0,6,1,15,20,1,2,0,1,3,0,2,0,1,1,5,13,1,2,0,2,0,1,1,12,1,0,16,0,4,0,1,7,2,42,1,1,12,11,1,0,0,1,22,0,5,0,5,1,5,3,0,1,13,6,3,1,2,0,3,0,1,0,3,0,0,9,3,1,0,3,9,3,1,1,0,1,0,0,4,1,2,6,1,1,0,1,5,0,9,2,0,7,1,0,1,3,0,1,1,0,2,2,5,1,1,14,37,2,39,14,0,1,1,0,4,1,1,6,1,0,3,193,1,1,0,1,2,7,4,12,1,1,3,1,3,2,0,4,5,0,3,6,0,9,1,55,5,13,4,143,9,17,2,2,3,2,2,0,0,4,0,1,0,4,2,6,0,0,3,2,2,1,1,1,13,0,11,4,19,6,4,3,0,0,4,1,2
H,12,1,1,58,9,2,0,0,1,8,2,0,1,1,0,1,1,2,1,1,1,0,1,2,0,4,1,1,5,12,0,0,1,9,4,0,0,0,11,2,1,4,0,0,0,0,4,0,0,30,4,6,0,1,6,3,0,8,2,7,4,0,0,0,2,0,1,2,1,1,1,0,1,1,1,1,2,0,0,1,10,4,3,21,1,5,0,2,4,3,52,0,0,4,2,2,0,0,0,24,0,3,1,0,0,3,0,0,0,10,2,0,4,0,7,0,2,0,0,2,1,0,8,5,0,1,3,10,4,1,5,0,0,2,1,2,0,0,2,0,1,1,0,3,1,4,2,0,3,2,1,1,4,0,0,2,1,0,0,12,1,2,11,16,1,29,2,1,1,0,4,3,1,2,6,0,1,1,162,3,1,0,1,7,4,1,9,1,2,2,0,1,0,0,0,9,0,1,5,2,11,1,24,2,9,2,110,1,13,1,0,3,2,1,0,0,4,0,1,6,1,2,3,0,1,0,0,1,0,0,5,9,0,7,0,3,0,1,7,0,2,1,2,1
H,9,1,0,72,9,3,0,0,3,0,1,2,0,0,0,5,7,2,1,0,8,0,1,0,1,3,1,1,11,2,0,0,2,7,1,1,0,2,14,3,2,2,1,1,0,1,11,1,0,25,3,0,0,0,10,2,0,2,0,6,14,0,0,0,0,1,2,3,1,1,1,0,1,0,1,2,4,1,1,1,14,3,2,28,1,11,0,14,1,0,40,0,0,10,6,1,0,0,1,18,0,2,3,8,1,0,0,0,0,6,1,0,1,1,0,0,1,0,0,0,0,0,1,12,0,4,1,6,0,1,1,3,0,0,0,1,2,0,2,1,0,1,1,1,0,7,3,0,3,3,3,1,3,2,1,0,0,3,0,25,0,5,13,20,0,27,4,0,1,1,0,2,2,0,6,2,3,0,132,1,1,0,1,3,6,0,9,0,0,0,0,2,0,3,1,6,0,0,0,0,12,7,34,8,14,9,106,3,6,3,4,2,0,1,2,0,2,0,1,0,0,0,2,2,0,3,2,2,0,3,1,11,0,8,1,10,3,1,2,0,1,8,1,0
H,3,1,0,55,9,1,0,0,3,2,2,2,3,2,2,0,7,1,0,3,1,0,1,1,0,2,0,0,16,12,3,0,0,3,3,0,3,0,17,9,0,12,4,0,0,0,11,3,1,64,7,0,0,2,12,2,0,3,0,7,8,3,2,3,4,1,0,1,1,0,3,3,5,0,0,2,1,2,1,1,8,3,0,24,2,4,2,2,2,1,49,3,0,9,6,0,0,0,1,20,0,2,2,3,1,4,3,0,0,15,5,2,0,2,2,1,3,0,0,3,1,2,6,8,0,2,3,14,4,0,6,1,1,0,1,2,4,0,6,0,1,2,0,1,0,5,2,2,11,3,0,1,2,0,0,0,1,3,0,6,0,2,27,17,3,48,11,1,0,1,0,2,1,0,6,0,1,2,184,1,1,0,0,6,9,2,9,2,1,1,3,6,0,4,0,7,0,3,2,3,5,5,40,5,22,6,151,4,21,1,6,0,1,0,0,1,8,2,1,1,0,1,2,0,0,1,0,1,0,0,0,10,0,4,0,18,12,2,5,1,1,9,4,1
H,12,0,0,145,13,4,0,1,8,1,2,5,0,4,2,1,6,4,1,0,10,0,0,5,0,5,1,2,23,20,4,2,2,6,4,0,0,0,31,6,4,26,5,0,5,1,20,9,4,98,9,1,0,1,18,10,1,3,6,15,25,1,2,1,4,4,0,12,0,3,3,2,3,2,5,11,10,2,3,7,23,1,4,53,6,11,2,2,9,5,83,0,1,14,7,0,0,1,1,36,2,12,3,4,2,3,6,4,1,20,8,1,2,2,7,1,0,0,2,1,5,5,6,18,1,2,4,8,5,3,3,2,1,1,5,3,1,6,1,8,4,3,2,3,0,10,2,0,16,8,3,1,3,1,1,4,4,3,4,11,7,3,48,46,2,86,9,6,0,1,2,6,5,1,13,6,3,3,296,4,1,0,3,5,20,1,13,3,1,5,1,4,0,5,4,10,0,4,7,1,21,2,54,3,30,9,242,9,21,0,0,4,0,1,2,1,14,2,1,7,5,0,16,3,2,1,2,4,1,1,1,19,1,12,3,26,6,3,13,3,3,14,1,1
H,10,0,1,97,4,4,0,1,4,3,0,0,0,0,0,0,1,4,1,1,1,0,1,0,1,1,2,0,6,4,0,0,1,2,1,0,4,0,14,11,0,5,1,2,0,1,7,7,0,24,1,1,0,1,12,0,0,6,1,4,11,1,1,0,2,2,1,7,0,0,1,2,0,1,2,0,3,0,0,4,8,1,5,28,1,0,2,4,1,9,56,1,1,11,9,0,0,0,1,31,1,7,0,3,0,1,2,0,0,16,2,0,1,0,0,3,3,0,0,7,1,0,6,18,1,2,7,3,2,1,1,2,0,2,1,0,3,0,1,1,1,0,2,1,0,7,2,1,6,0,0,1,3,0,2,2,2,6,0,15,14,0,23,23,3,26,6,1,0,3,2,3,0,0,7,3,1,2,187,0,1,0,1,7,5,1,15,0,1,4,0,0,0,0,0,4,0,1,4,4,17,2,45,3,11,2,100,9,8,2,1,2,2,1,0,0,4,0,1,4,1,1,3,3,0,5,1,4,0,1,0,11,0,3,0,22,2,0,7,1,0,11,1,1
H,8,0,0,91,2,2,0,0,1,0,2,6,1,0,5,2,5,2,1,0,0,2,0,0,1,4,0,1,11,25,8,0,0,1,2,0,1,4,23,4,0,5,2,0,2,0,4,4,0,51,4,0,1,1,4,1,0,6,2,5,13,3,1,2,1,2,3,12,1,1,2,0,4,0,2,0,8,0,2,0,13,3,0,33,1,4,4,5,0,4,59,1,0,12,6,1,0,1,1,15,0,7,1,1,1,1,0,0,0,5,6,4,0,2,5,0,0,0,1,1,2,1,1,10,0,4,1,5,4,1,1,3,1,0,0,0,1,0,6,0,2,2,3,5,1,0,2,0,4,1,1,0,3,0,1,1,0,10,1,8,5,0,10,23,3,56,13,1,0,0,0,0,1,0,7,5,0,7,149,1,1,2,1,6,9,0,4,2,0,0,0,4,1,4,0,5,0,4,4,1,10,1,52,1,14,11,120,6,12,1,0,1,0,1,0,1,6,1,1,7,0,2,6,1,18,1,0,6,0,1,1,9,3,7,0,13,5,1,2,0,1,4,7,1
H,7,0,1,90,6,5,0,1,1,2,4,3,1,2,0,5,4,2,1,1,1,1,0,0,0,2,2,10,12,21,2,0,0,2,2,1,0,3,20,3,0,10,3,0,4,0,4,4,0,44,1,0,0,2,9,8,2,8,1,9,8,0,1,1,2,0,0,10,0,2,4,5,3,0,1,1,2,0,3,2,11,4,0,31,2,4,4,1,1,0,46,1,1,11,4,1,0,1,1,15,0,6,0,4,1,1,1,0,0,8,6,2,2,1,0,3,1,0,0,4,4,1,7,14,0,1,4,8,2,1,1,1,0,0,0,2,3,1,4,2,2,1,0,4,0,6,1,1,6,0,0,1,0,0,0,0,0,0,0,10,4,0,17,26,1,40,5,2,1,1,0,4,0,1,2,3,2,1,175,4,2,1,2,8,5,1,10,2,1,2,3,1,0,0,0,5,0,5,3,1,11,6,52,2,22,11,126,5,15,1,2,1,1,2,0,3,2,3,1,4,4,0,4,0,0,0,1,5,0,0,0,7,2,11,1,24,2,3,4,2,0,8,10,2
H,8,0,0,95,5,2,0,3,4,0,7,6,1,3,1,7,4,5,4,2,1,0,2,3,0,4,3,5,11,16,6,1,2,3,0,0,2,5,15,5,1,7,2,2,0,0,10,9,1,53,10,0,3,2,4,1,3,2,2,12,23,0,1,0,0,2,0,5,2,0,2,0,7,3,2,3,5,2,0,1,10,6,0,42,1,5,0,2,7,1,49,0,0,16,10,2,0,0,1,21,2,1,1,2,0,0,0,0,0,9,6,5,0,0,6,1,1,1,1,1,1,2,7,6,1,2,1,7,5,1,1,1,2,2,0,3,5,1,6,1,1,1,5,7,3,1,1,0,8,3,0,1,2,1,0,1,0,3,0,11,5,1,25,43,1,64,16,1,0,2,0,1,0,1,6,1,0,3,201,1,3,4,1,2,6,0,9,2,5,3,0,0,2,0,2,9,1,4,8,2,21,2,54,3,21,7,148,4,12,0,3,8,2,2,1,0,8,2,1,11,2,2,11,0,2,6,1,6,0,1,0,22,1,12,0,18,4,3,9,0,1,11,13,2
H,4,1,0,63,4,0,0,2,0,2,5,0,0,2,1,0,2,3,0,1,1,1,1,0,1,0,0,1,5,3,0,0,0,8,3,0,1,0,9,11,1,2,0,2,1,0,4,3,1,30,2,0,0,1,16,2,0,2,0,5,2,0,0,0,3,0,1,0,2,0,1,4,0,3,0,0,2,0,1,0,6,0,1,38,1,7,0,4,0,2,33,1,1,5,8,1,1,0,0,19,0,4,0,3,1,0,8,0,0,6,2,4,0,0,3,0,2,0,0,3,2,0,5,10,1,0,4,9,2,0,1,1,0,0,0,0,0,0,0,0,2,0,0,0,0,6,2,0,6,2,1,1,6,1,1,0,0,5,2,34,0,0,14,21,3,30,5,1,0,0,1,2,2,0,4,1,0,1,149,5,0,1,0,2,3,4,16,1,2,0,2,0,1,0,1,8,1,1,8,1,7,0,34,1,14,4,93,2,14,0,1,3,1,1,0,0,8,0,1,1,1,0,5,0,0,0,0,1,1,0,2,5,0,4,1,11,3,1,2,0,1,6,1,2
H,15,0,1,66,4,3,0,0,0,5,9,2,0,2,0,2,2,2,3,0,3,0,1,1,1,2,1,1,6,12,2,0,3,9,0,3,1,4,7,12,0,5,0,0,1,1,7,2,1,33,1,2,0,0,9,3,2,5,0,8,8,0,0,0,3,3,0,2,0,0,2,0,2,2,0,0,4,1,0,4,13,2,0,20,5,3,2,0,2,0,35,0,0,11,2,0,0,0,2,14,2,0,0,1,1,2,1,0,0,9,9,2,0,1,0,3,2,0,0,2,0,1,7,6,0,1,3,13,0,1,1,1,0,0,0,1,2,0,8,1,2,1,0,3,0,4,2,1,4,0,0,0,5,0,0,1,0,3,1,13,0,0,14,18,3,40,10,6,0,4,0,6,0,2,3,3,0,4,166,0,1,0,0,4,5,1,16,2,4,1,1,4,2,1,1,12,0,0,5,1,15,0,41,4,7,1,97,7,8,1,3,1,1,0,0,3,7,1,1,1,0,1,4,0,0,1,1,1,1,0,0,13,0,7,2,10,6,2,7,0,0,4,4,1
H,4,0,1,112,4,4,3,3,0,0,3,5,0,6,0,2,4,2,5,2,2,0,0,0,0,1,0,5,13,19,0,0,1,2,2,1,1,1,14,11,0,6,2,2,2,1,7,4,0,50,8,5,0,0,6,1,0,12,2,7,9,0,1,0,0,0,0,6,2,0,2,0,3,1,1,0,4,2,3,0,14,1,1,30,2,2,0,4,6,2,59,0,1,7,6,2,4,0,2,16,0,4,1,4,0,0,4,0,0,12,8,4,0,3,2,1,1,2,1,2,1,1,5,10,1,2,6,5,1,1,0,0,0,0,0,1,2,1,3,0,2,0,1,2,0,4,2,0,6,3,0,1,0,2,1,2,0,0,0,11,4,1,31,42,3,41,15,2,0,2,0,5,0,0,10,0,1,0,222,0,4,0,1,1,5,1,8,0,0,6,1,0,0,2,1,9,0,1,5,4,17,3,50,9,10,3,154,1,17,0,1,4,0,2,0,0,13,1,1,4,2,2,7,0,1,2,2,2,0,1,1,14,0,11,0,26,5,2,11,1,0,5,2,3
H,5,0,0,76,5,0,0,2,8,3,1,1,1,6,1,0,5,11,1,3,3,0,1,0,0,0,3,1,8,22,2,0,2,3,1,0,0,0,17,12,0,5,2,2,6,1,9,5,0,38,2,0,0,1,24,5,1,2,1,10,7,0,0,3,0,1,0,3,4,0,1,3,6,0,1,0,5,1,2,5,8,1,1,31,0,3,2,1,1,0,45,1,1,11,8,1,0,0,0,20,1,3,0,3,1,3,0,0,0,12,4,1,0,0,2,3,1,0,0,1,5,0,10,7,0,1,3,6,3,1,0,1,0,2,0,1,3,2,0,1,0,0,2,0,0,9,0,0,10,2,0,0,3,1,3,2,0,4,0,11,4,0,15,29,1,49,4,1,1,0,1,2,0,0,13,3,1,2,164,2,0,0,1,7,10,1,14,5,2,2,1,2,0,3,1,4,0,1,2,3,23,0,49,7,14,8,113,12,20,1,4,6,1,0,1,0,5,1,1,3,3,0,11,0,2,1,0,3,0,1,0,7,0,6,1,22,5,1,8,1,0,5,1,3
H,9,0,0,82,9,0,0,0,5,7,1,2,0,4,1,0,1,2,0,3,4,1,0,0,0,0,1,1,10,5,2,0,3,1,1,0,0,2,13,2,2,2,1,2,1,0,10,4,1,24,7,2,0,0,8,5,0,8,1,10,12,0,0,0,1,2,3,2,1,0,1,2,2,2,1,0,2,2,0,0,10,2,0,30,2,6,0,2,0,4,44,2,1,11,5,4,0,0,1,20,0,4,0,2,0,0,2,0,0,11,6,3,1,1,0,5,4,0,0,0,3,1,8,18,0,3,6,10,1,0,4,1,1,0,0,2,0,4,5,1,1,2,1,0,0,9,1,0,5,2,1,0,4,2,0,1,0,4,0,6,8,1,23,27,3,49,3,0,1,1,0,4,0,0,13,3,0,3,162,2,0,0,2,7,1,0,10,0,1,3,1,1,2,2,0,6,0,3,0,1,6,0,36,2,9,5,105,8,13,1,4,5,0,1,1,0,6,0,1,0,0,0,8,2,0,1,0,0,1,2,2,12,0,5,1,20,3,1,13,0,0,6,2,4
H,6,0,0,47,1,2,0,1,2,3,0,1,0,2,1,1,1,0,2,0,0,1,0,1,1,0,0,1,9,23,0,0,0,0,4,5,0,1,16,1,0,21,3,1,0,0,2,5,0,36,1,1,0,0,3,9,2,8,0,4,15,2,0,4,1,1,1,0,1,0,1,0,4,0,5,0,4,4,0,0,4,0,0,32,1,1,0,10,2,2,41,3,0,5,6,1,0,0,0,23,0,2,0,4,0,0,1,0,0,5,3,4,2,0,0,0,1,0,0,0,0,5,5,2,0,1,1,10,1,0,0,1,7,1,3,0,0,0,1,0,1,0,1,2,0,13,0,2,4,0,0,0,3,1,0,5,0,2,0,3,0,0,16,24,0,40,6,2,1,0,1,4,0,2,2,2,0,2,150,0,1,0,1,5,2,0,3,0,0,0,2,1,0,1,0,2,0,0,12,0,4,5,30,0,10,14,91,1,11,0,2,1,0,4,0,0,8,0,1,3,0,0,10,0,0,1,0,0,0,1,0,15,0,2,0,4,7,0,16,5,0,2,0,1
H,8,0,2,67,6,3,0,3,4,3,0,0,0,10,1,0,1,0,0,0,0,0,0,0,2,1,0,1,9,15,1,0,0,1,0,0,0,0,18,2,0,4,3,4,0,3,10,4,9,44,3,1,0,0,13,4,1,1,0,9,13,0,5,0,0,0,1,1,0,1,1,0,2,1,3,1,2,1,0,0,5,0,0,32,1,1,0,5,4,12,44,3,1,13,7,1,0,0,1,22,1,2,2,12,1,0,16,1,0,5,4,5,1,2,0,3,1,0,0,0,3,0,4,8,0,1,4,10,0,0,3,1,4,1,2,1,0,0,5,0,1,0,1,3,0,7,5,0,11,1,1,0,1,0,0,0,0,6,0,9,0,0,26,39,2,33,8,0,0,2,0,6,0,1,9,1,1,1,158,0,0,0,2,3,3,0,7,0,0,8,2,1,1,0,0,3,0,1,7,7,9,2,32,4,14,5,90,7,12,2,0,4,0,2,1,0,2,0,1,3,0,0,15,1,0,3,0,2,8,1,0,8,0,2,0,14,0,0,20,0,1,2,0,1
H,6,1,0,107,10,2,0,2,2,4,0,2,0,5,1,0,1,3,1,0,0,0,3,1,2,4,1,0,12,20,8,1,1,4,5,0,0,0,14,7,1,12,1,1,0,1,6,3,0,45,3,1,0,2,11,4,1,4,1,7,15,1,0,0,3,1,2,6,2,0,1,1,8,0,0,1,8,0,3,1,10,4,1,43,5,3,3,2,1,0,48,1,0,16,8,2,0,0,1,27,0,2,1,1,1,2,0,0,0,12,6,3,1,0,0,2,3,0,0,1,2,2,3,19,0,2,3,12,6,0,1,2,2,1,4,2,1,1,6,1,0,0,2,2,1,9,3,0,12,3,4,1,1,2,2,1,1,6,1,16,10,1,16,23,1,55,12,2,1,1,1,1,2,3,10,0,3,3,186,0,0,1,3,12,6,0,8,0,7,2,0,2,1,0,0,3,0,4,5,5,26,3,42,4,4,11,137,4,12,0,2,2,2,1,0,0,9,1,1,2,7,2,9,3,0,3,0,6,0,0,0,13,2,6,2,20,8,3,10,0,1,21,4,1
H,7,1,4,101,9,3,0,1,5,0,1,2,0,1,2,0,4,4,4,3,3,1,2,2,0,5,2,2,8,16,1,2,1,9,6,0,0,0,14,6,3,6,1,1,0,0,8,3,0,45,7,0,0,1,3,4,0,9,0,21,19,1,1,2,3,1,0,3,1,0,3,1,1,4,3,4,5,2,1,2,19,2,8,37,4,8,0,5,4,0,65,0,0,9,8,0,0,0,5,22,1,5,2,1,0,0,1,0,0,12,10,2,0,1,10,0,0,0,1,3,1,4,4,15,1,1,2,5,7,4,1,1,1,1,2,5,2,2,1,0,0,3,0,2,0,3,2,1,5,2,8,1,4,0,0,3,2,9,1,21,0,2,41,26,4,47,7,5,0,2,2,4,1,0,9,4,4,2,188,3,4,0,0,8,3,0,4,3,4,3,0,2,0,0,4,6,2,1,0,3,11,4,45,6,10,8,130,1,12,0,7,5,0,0,0,1,5,2,1,0,0,3,12,3,2,3,2,1,0,0,3,13,0,4,5,22,6,4,5,0,0,9,1,4
H,11,0,1,120,9,7,1,1,3,3,0,5,0,5,0,0,2,3,1,1,3,1,1,0,2,2,0,0,22,5,3,2,0,10,4,2,4,1,23,16,0,10,3,1,1,10,15,7,1,44,1,2,0,1,17,5,1,10,0,7,14,1,0,2,8,0,2,2,1,1,1,4,3,0,7,2,6,3,1,3,14,3,2,42,2,6,2,11,1,2,66,0,1,23,10,2,5,0,0,27,0,7,2,3,3,0,5,0,0,14,5,2,8,1,0,1,4,0,0,2,2,3,10,17,4,1,7,25,5,1,5,1,2,1,0,1,1,0,2,0,0,0,3,3,1,10,1,0,13,2,4,3,9,1,0,2,1,1,2,27,6,1,35,35,3,65,8,6,0,5,2,2,3,0,6,1,4,2,251,3,0,0,2,8,9,0,14,4,3,2,2,9,2,1,1,7,0,0,3,3,12,3,79,4,21,6,178,10,28,1,1,4,2,4,0,0,18,0,1,0,0,0,10,0,0,3,1,0,0,4,5,15,0,4,0,35,5,4,15,0,0,7,0,5
H,3,0,1,73,5,3,3,1,8,4,1,1,0,0,1,0,1,2,3,1,1,0,0,0,1,1,1,1,12,16,3,5,1,9,5,2,2,0,18,6,1,10,1,2,0,0,17,4,2,49,4,3,3,0,15,6,0,7,1,8,13,0,3,0,5,1,1,0,0,0,1,6,6,3,3,0,4,0,1,3,10,0,1,29,4,7,0,3,2,1,34,1,1,22,11,1,0,1,1,18,0,2,1,5,1,3,0,0,0,10,1,2,2,1,0,1,1,0,0,0,2,4,12,6,0,1,6,19,2,4,0,1,3,2,3,3,2,0,3,1,1,1,1,2,2,8,1,1,15,1,4,0,4,1,2,4,0,3,0,21,6,0,17,33,2,62,6,0,2,1,0,0,0,0,3,3,0,3,178,2,0,0,2,4,6,0,12,3,0,2,0,2,0,1,0,6,3,4,1,0,13,2,44,5,17,6,113,2,7,1,5,5,0,1,0,0,7,0,1,1,0,0,9,1,2,0,0,1,0,0,0,24,0,8,0,16,8,2,17,1,1,2,2,3
H,10,1,0,87,8,2,0,1,2,1,3,0,1,6,2,0,1,2,6,1,5,0,3,1,3,4,0,3,12,28,0,1,2,4,6,0,1,2,17,4,2,4,0,0,0,2,10,4,0,53,6,3,0,2,11,6,1,10,0,13,13,1,0,0,1,1,1,0,0,0,1,2,7,1,1,0,6,2,3,0,14,1,1,46,1,7,0,6,2,0,37,0,4,8,12,3,0,0,0,16,0,4,0,3,0,1,1,0,0,7,5,1,1,0,0,1,2,0,0,2,1,2,11,12,1,1,4,14,5,4,1,3,0,0,0,0,4,2,1,0,1,0,0,0,0,4,0,0,2,3,9,3,2,1,0,2,4,4,3,21,1,0,28,42,4,81,6,10,1,1,1,5,3,0,8,1,2,4,224,6,1,0,1,8,3,0,10,2,1,1,0,5,0,4,0,9,6,3,1,0,13,2,66,7,21,6,145,6,19,1,5,5,0,2,0,0,8,2,1,0,0,2,9,0,0,2,1,4,0,1,3,12,0,9,0,22,4,0,4,0,0,4,5,2
H,2,0,0,61,4,3,0,0,1,2,2,0,1,2,1,3,6,2,3,0,2,0,0,0,1,2,2,3,8,17,3,1,0,4,4,0,1,0,14,6,1,6,2,0,0,4,11,0,0,35,2,1,0,1,3,4,1,2,0,11,8,1,0,0,4,3,1,0,0,2,5,5,3,2,0,1,3,0,2,0,5,0,1,32,2,12,0,5,0,0,25,0,1,12,5,1,0,1,2,12,0,4,1,5,1,0,1,0,0,7,7,4,3,1,1,0,1,0,0,0,0,2,3,9,0,3,3,13,1,3,1,1,0,2,0,0,0,1,3,0,0,0,2,3,1,1,0,1,9,0,0,2,1,1,1,0,0,1,3,7,3,1,10,25,2,47,7,2,0,0,0,8,4,0,3,0,1,0,151,7,1,0,0,8,0,0,2,1,0,1,3,0,1,0,0,5,4,2,0,0,17,2,37,4,5,6,100,2,8,0,2,3,0,0,0,0,5,1,1,4,0,0,3,0,0,0,1,2,0,0,0,5,0,12,2,18,5,2,6,0,0,2,9,1
H,4,0,2,85,6,1,1,0,3,1,0,0,0,2,1,0,3,6,4,1,5,0,0,0,1,2,0,2,12,25,0,0,2,7,1,5,0,1,18,5,0,0,1,1,0,2,7,4,2,44,5,2,0,2,4,9,0,5,2,6,18,0,0,0,0,2,1,0,1,1,1,1,5,0,3,1,6,2,1,0,5,1,0,24,1,5,0,1,1,1,37,0,0,17,3,3,2,1,0,24,0,10,1,2,1,0,0,0,6,12,3,1,0,0,12,1,0,0,0,1,2,2,1,8,3,2,0,4,2,1,3,0,0,2,1,1,1,0,3,0,4,0,0,3,0,3,3,0,12,1,1,1,1,2,1,0,0,3,0,29,6,1,17,33,3,51,3,1,1,0,1,4,2,1,10,1,2,0,220,1,0,3,1,8,1,0,7,1,3,1,0,3,1,0,3,3,6,4,2,1,16,0,65,12,16,5,131,2,18,1,1,3,0,0,2,0,5,0,1,2,0,0,5,2,1,0,2,0,4,4,2,11,1,6,2,18,3,1,1,0,1,1,0,0
H,8,1,2,84,6,2,2,2,3,2,0,3,0,4,2,0,5,2,10,1,2,1,0,1,0,1,0,1,11,10,6,1,6,12,1,3,0,0,21,3,3,1,0,2,2,1,8,6,1,49,7,0,0,1,4,10,1,10,2,17,22,0,0,0,2,2,0,2,0,0,2,4,4,1,2,2,5,2,3,0,14,5,3,36,3,7,0,6,3,1,42,0,0,13,7,2,0,2,1,15,1,4,0,4,0,5,0,4,5,23,5,3,0,1,0,0,2,1,3,0,2,2,3,4,0,0,0,4,2,1,2,0,0,1,2,2,0,2,7,2,1,0,1,2,0,3,1,0,10,2,3,1,1,3,0,4,0,2,0,23,1,0,29,35,3,71,16,1,2,4,1,6,3,1,11,0,2,1,251,2,2,10,3,8,11,0,5,0,1,3,0,1,1,3,1,2,23,2,4,3,16,1,39,8,13,7,168,5,12,0,3,2,0,1,0,0,5,0,1,2,0,0,7,1,0,1,0,1,1,1,6,12,0,1,2,20,5,1,9,0,3,5,0,3
H,4,0,6,84,4,1,4,0,0,0,1,4,3,0,0,0,2,3,6,0,0,2,2,0,1,2,0,0,5,5,3,1,0,3,0,1,1,0,12,3,2,9,8,0,0,0,3,2,3,24,7,0,1,1,3,3,1,0,0,4,13,1,1,0,1,0,0,1,1,1,2,1,2,2,4,0,3,1,1,1,5,3,0,16,1,5,0,7,0,0,46,0,0,21,3,1,6,0,1,26,0,1,1,6,2,0,0,0,1,12,1,5,0,0,5,0,2,2,2,0,1,0,3,7,0,1,0,6,1,0,1,0,3,0,2,0,0,0,2,1,0,0,0,3,0,0,1,0,17,1,0,0,4,1,0,1,0,5,0,3,0,0,18,20,0,36,4,0,1,4,0,0,0,0,6,0,2,1,183,4,0,2,0,4,12,0,2,1,0,2,0,1,0,0,0,4,15,1,0,0,11,7,18,6,14,3,110,3,5,2,0,1,1,0,0,0,3,0,1,1,0,1,5,1,5,0,1,2,1,0,0,8,2,5,3,15,4,0,11,0,0,2,1,2
H,9,0,1,76,4,3,4,0,2,0,1,1,0,1,0,0,1,1,6,2,4,0,1,0,2,2,0,1,11,7,1,0,1,2,1,0,1,0,13,1,0,5,4,0,1,0,5,3,0,30,6,1,0,0,3,8,0,4,0,8,11,0,1,0,2,1,0,1,2,1,1,0,2,3,2,6,7,1,2,2,12,2,0,20,1,6,0,1,2,1,30,1,3,14,8,1,0,2,1,15,0,6,1,2,0,0,0,0,0,8,5,2,0,1,6,1,1,2,3,0,2,0,2,4,3,0,1,10,0,1,1,0,0,0,0,1,0,2,3,1,2,0,0,0,0,3,1,0,5,2,0,0,1,1,0,0,0,3,2,13,0,0,19,20,0,40,4,1,0,2,3,1,1,1,2,0,2,2,142,4,0,3,2,5,6,0,7,3,1,3,0,0,1,1,0,9,4,1,0,1,16,4,36,13,12,3,88,1,6,1,2,0,1,0,0,0,1,0,1,11,0,1,9,1,2,3,0,0,1,0,0,9,0,6,2,17,3,1,0,0,4,3,2,0
H,18,0,2,102,5,3,6,1,5,0,0,3,2,3,0,1,20,3,1,3,0,1,0,0,2,13,0,0,12,27,7,1,0,7,3,3,2,1,32,18,1,16,13,1,2,1,10,4,4,66,2,0,5,1,7,2,0,7,4,1,11,1,2,0,1,1,0,1,1,2,16,1,5,2,3,3,11,0,0,1,6,0,0,46,3,12,0,6,3,2,104,1,1,17,6,1,2,2,3,20,2,5,1,7,1,0,4,7,2,19,6,7,0,3,16,1,2,6,4,0,3,0,7,6,0,1,1,10,5,1,0,2,5,3,1,1,0,2,3,4,1,0,1,1,0,4,1,2,8,4,0,0,2,1,2,2,3,3,4,6,2,0,53,30,1,69,12,2,0,3,1,6,5,2,12,3,3,4,320,4,0,4,2,20,12,2,7,0,0,3,2,3,2,6,1,4,5,1,11,1,18,6,51,5,22,6,234,5,14,1,3,8,3,1,0,0,10,1,1,9,3,0,10,1,11,3,3,3,4,1,5,14,12,6,0,16,11,4,21,1,3,9,8,2
H,5,2,2,58,7,0,0,1,1,0,0,0,0,2,0,0,2,2,0,0,5,0,4,2,0,2,3,0,14,6,2,2,4,8,3,0,0,0,11,2,0,7,1,0,0,1,3,3,0,47,4,2,0,2,0,1,0,3,2,12,16,1,0,0,4,3,0,4,3,0,1,2,0,2,0,1,3,1,1,1,13,2,2,22,3,6,10,2,5,0,74,0,0,27,0,1,0,0,1,21,0,3,0,1,0,1,0,0,0,11,2,1,0,0,3,1,0,0,2,1,3,0,4,18,0,2,0,6,7,2,1,1,0,1,1,0,1,0,4,2,0,3,1,4,0,0,1,1,12,2,5,0,6,2,1,1,5,6,0,6,0,4,8,11,0,55,5,1,2,0,1,5,0,1,4,0,6,0,166,2,1,0,2,9,10,1,2,1,0,0,1,5,2,0,4,4,0,4,0,0,13,1,18,7,11,2,154,1,19,1,1,7,1,0,0,2,8,2,1,10,10,1,3,2,4,2,2,2,0,0,3,11,1,6,0,19,0,0,4,0,0,5,4,2
H,7,1,5,120,9,4,1,1,3,0,0,2,1,6,0,3,5,6,2,2,5,2,0,2,2,7,2,3,18,11,8,0,2,17,1,2,4,0,16,5,2,3,2,4,5,1,16,5,1,67,11,0,0,1,8,3,1,6,1,30,15,2,0,0,0,1,2,1,2,1,3,2,0,0,8,7,9,2,2,1,22,5,4,35,2,14,1,10,7,1,79,1,2,29,13,1,0,0,2,27,3,11,2,5,2,0,1,0,0,19,7,4,0,2,13,0,1,5,5,2,5,2,3,21,3,2,0,7,6,1,0,2,0,2,2,2,1,6,7,1,4,1,2,5,0,1,0,0,15,7,1,1,0,2,0,3,0,8,9,11,3,2,49,38,0,87,10,2,1,2,4,1,2,0,6,1,2,4,288,1,3,29,3,3,10,0,13,0,3,4,0,6,0,1,6,6,0,2,6,0,24,2,38,16,15,14,184,9,22,0,2,3,0,2,4,0,13,0,1,6,1,2,15,1,4,3,1,3,1,0,5,19,1,12,2,22,10,6,8,0,3,6,1,4
H,2,0,0,78,3,2,0,6,3,1,0,1,1,5,1,1,4,4,4,2,4,0,0,0,1,0,1,0,15,16,1,0,3,6,0,0,0,1,8,2,1,1,1,1,1,4,10,5,0,45,5,2,3,1,3,8,1,3,0,17,7,0,0,0,0,0,1,0,0,1,1,1,0,0,2,0,8,2,2,1,14,2,3,22,1,5,0,1,3,2,39,1,0,9,7,1,0,1,1,19,1,1,0,3,0,3,1,0,0,14,6,2,0,1,19,2,1,4,3,0,2,0,0,5,1,0,0,2,2,0,1,2,1,3,1,3,0,0,1,0,0,0,0,4,3,0,1,0,5,0,1,1,1,1,1,3,0,0,0,7,1,0,14,30,1,39,9,0,2,3,1,3,0,2,3,0,2,0,180,3,1,10,1,11,5,0,5,1,3,0,1,5,0,1,2,12,0,2,2,0,10,1,38,7,15,7,100,4,17,0,2,0,1,0,0,0,3,0,1,5,0,0,6,1,14,1,2,1,0,1,2,9,0,8,1,17,1,2,4,0,1,2,4,0
H,4,1,1,99,1,2,1,2,3,0,1,6,0,5,0,1,2,4,1,1,10,0,0,0,0,0,3,1,14,25,0,1,3,10,2,0,2,0,10,2,2,0,0,0,1,0,9,7,0,55,1,1,0,1,7,11,1,5,4,10,13,0,2,0,0,1,0,0,1,0,1,0,7,1,5,0,4,3,0,2,12,3,1,19,4,7,1,2,4,0,52,2,1,7,2,0,0,0,0,20,4,8,1,1,2,1,0,0,0,10,0,1,0,0,35,0,0,7,7,0,1,4,0,7,5,2,0,2,1,1,1,0,0,0,1,1,1,2,0,1,0,1,2,8,3,0,1,0,4,3,1,0,1,0,2,3,0,7,0,7,3,0,24,22,0,35,5,2,3,4,7,4,0,0,5,2,3,1,178,3,1,4,0,2,5,0,5,3,5,2,2,1,0,1,1,8,0,3,0,0,14,1,41,4,17,6,120,7,16,0,3,0,1,0,0,0,9,1,1,4,2,1,5,0,26,1,3,1,1,3,1,12,0,12,1,16,6,9,2,0,0,3,6,1
H,8,0,1,83,6,3,1,5,4,1,0,2,0,2,1,2,3,3,12,0,5,0,1,0,1,2,1,2,13,29,6,2,1,10,0,1,1,4,27,3,3,4,5,2,1,0,12,2,2,64,5,4,1,0,9,10,0,5,1,14,13,1,7,0,4,2,0,2,0,2,1,3,2,2,2,3,8,1,1,1,8,6,0,40,2,14,0,2,3,3,42,4,0,15,12,2,0,1,1,20,1,1,0,4,0,0,7,0,3,15,7,3,0,2,25,1,1,6,7,2,2,0,0,8,0,2,0,4,1,1,1,0,1,2,1,0,1,0,5,0,0,0,0,2,6,1,1,0,15,4,2,0,0,2,0,6,0,2,3,19,2,0,29,43,3,62,5,0,1,2,0,5,0,0,13,2,2,2,207,4,3,20,0,12,14,0,4,1,2,2,0,4,2,0,5,1,0,2,2,2,14,6,49,8,27,5,143,1,24,0,1,4,1,2,0,0,5,0,1,2,0,1,10,0,10,0,0,2,1,0,5,9,1,10,3,11,5,3,17,0,0,0,2,3
H,1,1,0,36,3,0,0,0,2,0,1,1,0,0,0,0,1,0,4,0,2,0,0,1,0,0,0,0,3,9,0,0,0,1,2,1,0,0,8,0,0,5,4,0,0,0,7,3,2,27,3,0,0,0,3,8,0,1,0,2,4,0,0,0,2,1,0,0,2,1,1,0,1,2,1,0,3,0,2,0,2,1,0,13,3,2,0,3,2,0,23,0,0,5,3,0,1,2,1,11,0,3,0,1,0,0,1,0,0,4,2,1,0,0,1,0,0,3,2,2,1,1,0,3,0,1,0,2,0,1,0,0,0,1,0,1,1,1,2,0,0,0,0,3,0,0,0,0,2,1,0,0,1,0,0,3,0,1,3,1,3,0,11,14,3,24,3,1,0,0,0,2,1,0,3,0,0,1,104,1,2,2,0,4,2,0,2,0,1,2,0,0,0,1,4,2,0,0,2,0,9,1,24,0,2,4,83,0,12,1,0,2,0,0,1,0,4,0,1,1,2,0,2,0,1,0,1,0,0,0,0,7,0,2,0,10,0,6,6,0,0,1,1,0
H,7,0,1,91,4,5,1,4,1,1,2,0,0,0,0,0,4,1,9,3,1,1,0,1,1,3,0,1,10,27,7,0,0,4,1,1,1,0,14,0,0,3,1,0,0,0,5,2,1,52,6,0,0,2,7,5,1,5,2,3,12,2,3,0,0,1,0,2,1,1,1,10,2,2,0,8,5,4,1,0,2,1,2,35,5,8,1,5,0,5,36,2,0,16,2,2,0,1,2,17,0,2,1,1,0,1,4,12,0,15,0,4,0,1,8,0,1,5,3,3,5,3,1,7,1,3,0,4,1,0,1,1,1,0,0,1,0,1,2,8,3,0,1,1,1,4,1,0,10,2,1,1,0,3,4,2,0,1,2,6,5,2,17,27,1,44,3,2,0,3,0,2,1,0,5,2,1,0,208,1,1,8,2,4,7,0,3,0,1,2,0,4,1,0,2,4,12,2,1,3,7,6,28,2,16,5,149,3,9,0,1,2,1,0,0,0,3,0,1,2,0,1,5,2,2,3,0,1,0,0,0,12,0,2,0,17,2,4,13,2,1,7,1,1
H,5,0,2,96,7,7,8,1,6,1,0,2,0,2,0,0,1,4,14,2,9,2,0,2,1,2,1,2,12,28,0,0,2,6,2,1,2,0,18,2,2,4,4,0,0,1,8,7,2,51,2,2,0,0,6,11,1,4,1,9,14,0,1,0,1,3,0,2,4,1,1,1,7,2,3,3,10,2,3,0,7,2,2,39,0,8,0,4,3,0,55,0,0,20,6,0,3,1,0,21,1,5,1,2,2,0,0,0,1,9,2,3,0,1,19,0,3,3,3,0,3,1,0,5,2,1,2,3,3,0,2,0,0,2,2,2,1,2,2,0,1,1,3,2,0,1,2,1,10,2,0,1,2,1,2,4,0,1,4,27,4,0,22,29,0,59,3,1,2,5,3,2,2,2,10,2,2,1,210,2,1,3,2,10,5,0,3,1,0,1,0,9,0,0,5,3,10,5,0,2,12,8,73,16,25,4,138,6,26,0,1,0,0,1,2,0,7,1,1,2,0,0,7,1,9,6,1,2,1,1,4,16,0,5,5,18,6,3,11,1,1,4,5,0
H,10,0,1,72,1,1,9,1,1,0,0,0,1,9,1,0,2,9,7,1,4,1,1,1,2,3,0,0,13,32,1,3,1,7,1,1,2,0,17,8,1,3,2,0,1,4,2,6,1,64,4,3,1,0,6,6,0,5,0,5,6,1,3,0,2,0,0,0,1,2,1,1,6,0,1,4,4,0,1,1,12,2,0,32,3,6,0,9,2,2,41,0,5,13,6,0,3,2,1,15,1,3,0,3,0,0,1,1,0,6,2,4,1,1,6,0,4,3,6,1,2,1,0,6,2,3,0,6,0,1,0,2,2,1,0,1,0,0,1,0,0,0,0,3,0,3,0,2,9,2,0,1,1,2,0,0,0,2,1,10,0,0,21,29,0,60,6,3,0,0,5,2,1,0,10,1,1,3,182,2,2,11,1,5,9,0,5,0,2,2,0,3,1,4,2,4,14,6,1,2,19,3,38,3,16,3,144,4,9,0,1,0,0,2,0,0,3,0,1,2,0,1,4,1,6,3,2,2,0,0,7,19,0,6,1,18,2,4,13,1,1,2,5,1
H,7,0,3,128,10,3,0,2,7,1,1,2,3,2,1,3,1,3,8,0,4,2,0,0,1,6,1,1,27,19,6,2,6,4,7,0,1,7,26,18,2,2,1,4,0,0,16,7,5,58,7,1,0,1,13,2,2,11,0,20,18,3,2,0,4,0,0,2,3,0,1,0,1,2,3,1,7,1,0,0,32,1,0,68,1,10,0,5,1,4,74,2,3,19,9,4,1,1,1,33,0,2,7,22,1,2,11,0,14,12,5,7,0,3,2,1,2,0,0,0,4,4,0,13,1,1,1,3,6,3,5,1,0,3,4,1,1,1,3,0,2,3,2,3,0,3,1,2,9,2,0,1,2,3,2,3,0,4,1,14,7,0,49,54,1,68,10,2,0,0,2,1,2,1,9,2,5,1,313,4,3,5,2,13,6,0,9,0,3,2,1,6,0,1,0,14,0,3,8,3,15,3,66,5,25,10,188,14,19,3,2,2,1,2,0,0,12,3,1,2,0,1,16,0,2,1,0,2,0,1,3,16,1,3,3,30,18,1,7,0,2,2,3,4
H,2,0,0,42,0,1,1,1,2,0,0,0,1,1,0,0,2,1,1,0,3,1,0,0,0,0,0,1,7,5,0,2,0,5,2,0,2,0,8,7,1,2,1,0,2,1,6,5,0,23,1,2,1,1,2,2,1,1,0,4,8,0,1,0,0,1,0,2,1,0,2,0,1,1,1,0,1,0,1,1,12,2,1,19,1,7,0,3,0,0,24,0,0,6,8,2,1,0,0,12,0,2,1,4,1,0,0,0,9,4,2,3,0,1,2,0,0,0,1,0,0,1,0,6,0,1,0,4,2,3,1,0,2,1,0,0,1,0,0,0,0,0,1,0,2,0,0,0,5,2,0,1,1,2,1,1,0,1,0,7,1,0,11,13,0,35,2,0,0,0,0,1,0,0,2,0,1,1,89,3,1,0,2,2,8,0,2,2,0,2,0,1,2,0,0,1,1,3,0,1,15,4,30,4,4,5,55,2,4,1,3,1,0,0,0,0,3,1,1,1,0,0,3,0,1,2,1,0,0,0,0,2,0,5,2,5,4,1,4,0,0,4,3,0
H,12,4,3,82,8,5,0,0,1,1,2,4,0,3,1,0,11,4,1,0,2,1,0,6,0,4,1,1,11,51,2,0,0,6,2,1,2,4,22,3,1,31,2,0,1,3,3,3,0,48,4,1,0,4,2,4,0,12,1,7,14,0,3,1,4,3,2,5,0,0,6,0,2,0,1,0,4,2,1,1,18,2,1,27,7,5,4,0,9,2,51,0,0,23,7,1,0,0,0,24,0,1,3,1,1,3,1,0,0,12,7,1,1,0,0,0,0,0,0,4,0,0,2,7,0,3,3,8,8,0,0,1,1,0,0,0,1,2,1,3,3,3,0,7,0,5,0,0,8,1,4,1,1,1,1,0,1,11,0,1,0,1,14,17,2,43,12,5,2,2,0,3,2,2,11,0,2,1,207,2,2,0,0,9,4,5,2,3,0,0,2,3,2,3,0,1,0,7,0,1,14,1,47,2,28,13,158,3,10,1,4,2,3,1,4,4,9,2,1,7,2,1,3,1,0,4,0,4,0,1,1,15,1,11,0,19,3,1,2,1,0,16,1,1
H,19,8,0,114,15,11,0,0,2,0,0,3,1,6,1,0,2,5,1,0,1,0,1,1,1,1,1,0,7,10,4,0,1,2,4,19,0,1,14,5,0,38,13,0,0,0,14,6,7,38,5,1,0,2,10,1,1,6,1,8,15,1,1,3,2,0,1,1,3,0,1,4,2,1,4,1,5,5,1,2,6,1,1,25,2,4,4,3,2,4,68,4,2,19,7,2,0,1,0,44,0,5,1,10,0,3,13,3,1,11,4,2,1,1,2,1,2,0,0,0,2,5,11,21,0,2,12,23,26,2,1,0,0,0,2,1,0,0,5,4,2,4,5,1,0,12,1,0,14,0,1,1,4,2,1,0,0,12,0,16,12,2,23,31,2,47,5,9,2,2,0,8,3,1,6,2,3,3,255,3,1,0,2,7,6,1,6,0,0,3,0,2,0,0,0,1,0,8,13,8,12,5,48,0,13,9,169,1,22,0,4,1,2,0,2,0,7,0,1,3,1,1,4,0,1,5,2,3,0,0,1,8,0,3,0,20,7,0,4,0,1,2,1,2
H,13,15,0,163,12,5,0,3,10,4,3,3,1,2,0,0,9,8,12,2,8,2,3,1,3,6,0,3,20,21,2,0,0,4,6,10,1,0,44,6,3,18,8,3,2,2,25,13,20,87,5,1,0,3,10,7,1,16,2,11,26,6,4,0,3,4,1,4,5,3,2,2,5,5,3,0,10,4,1,1,11,5,0,49,7,6,1,11,3,1,88,1,5,23,15,4,0,0,1,41,0,3,2,13,0,1,8,0,7,14,8,6,4,1,0,1,4,0,0,2,6,3,11,15,1,6,8,26,4,2,3,1,2,10,5,0,0,0,6,0,1,0,1,4,1,3,1,0,22,1,0,1,7,4,1,4,0,5,0,30,7,2,61,64,0,135,6,3,2,2,0,9,6,5,13,3,6,6,389,3,3,0,4,6,12,0,7,0,0,4,2,4,0,2,0,1,2,6,8,5,21,7,85,5,32,16,248,3,21,1,2,2,2,1,0,0,19,1,1,2,1,0,20,3,0,4,1,7,22,1,0,22,4,7,2,46,8,2,20,2,1,2,4,2
H,7,9,0,83,6,2,0,0,4,2,1,1,2,2,0,0,3,1,0,0,1,1,0,0,0,0,0,0,14,11,0,0,0,1,3,8,0,0,14,5,1,8,5,2,0,1,14,6,0,22,1,0,0,0,4,1,2,4,0,10,13,1,1,0,1,0,0,1,1,0,2,0,1,2,3,2,9,2,0,2,6,0,0,19,2,3,0,9,1,0,41,0,1,7,1,5,0,0,1,18,1,5,0,4,1,0,4,0,0,6,5,5,2,1,0,0,1,0,0,0,2,4,11,11,0,0,12,18,2,0,1,0,0,1,2,0,0,0,0,0,3,0,0,0,0,9,0,1,1,0,0,0,2,3,1,3,0,6,1,7,2,2,16,13,0,38,2,0,0,0,0,1,0,0,4,1,1,2,168,1,2,0,1,2,0,0,3,1,0,0,1,2,0,1,0,1,0,1,9,2,4,10,36,0,4,0,94,2,13,1,1,1,1,0,1,0,0,0,1,1,0,0,4,0,0,4,1,1,13,1,0,10,0,2,0,15,4,1,10,3,1,2,3,0
H,28,23,1,219,13,10,1,2,12,0,3,4,4,2,3,10,10,5,5,2,7,1,6,5,3,18,1,3,22,48,1,0,2,23,6,42,6,1,60,6,2,23,6,7,2,3,16,10,15,139,7,1,0,4,21,11,1,21,0,29,36,7,2,1,5,3,1,6,3,0,5,0,6,1,2,1,18,5,5,5,16,5,0,121,4,16,4,22,2,3,121,6,6,54,16,5,4,2,1,79,0,12,2,13,4,0,7,2,3,30,9,9,1,4,1,0,7,1,0,7,4,7,6,43,3,9,7,33,9,2,6,5,2,3,3,3,0,0,6,2,2,1,4,5,0,5,0,2,36,6,0,3,12,4,4,13,0,15,2,24,6,5,116,102,3,213,24,8,3,1,0,9,5,1,20,1,5,6,485,4,5,0,5,21,22,0,16,3,1,4,2,10,1,1,2,3,0,8,5,9,39,5,105,10,82,18,331,15,26,4,7,2,2,7,4,5,22,2,1,4,1,6,25,10,0,7,2,7,1,6,5,20,5,19,1,54,22,1,10,1,0,5,4,4
H,14,0,1,140,9,17,0,3,6,1,0,4,1,11,1,14,10,9,4,2,5,3,2,0,1,7,0,1,20,18,5,2,1,7,6,5,0,24,36,11,3,19,12,7,1,3,26,12,8,72,6,1,0,0,7,2,1,5,2,22,30,8,2,1,2,4,1,5,1,5,3,1,1,5,6,11,5,6,1,7,29,2,2,84,4,16,0,18,7,5,87,2,1,27,32,5,4,4,0,53,1,10,6,27,1,0,1,1,2,14,1,9,1,4,4,2,4,0,2,2,2,4,7,33,0,7,2,27,2,2,1,2,6,2,1,0,3,1,8,5,2,3,3,2,1,5,4,1,18,4,1,0,6,3,7,0,0,8,2,38,9,4,68,64,3,91,8,2,2,5,3,13,5,1,13,1,7,6,390,5,1,1,4,10,19,0,23,0,1,2,1,2,0,2,0,11,3,1,1,3,27,22,94,8,31,21,293,12,21,2,0,2,1,2,1,0,17,2,1,7,2,5,18,3,2,4,1,3,0,2,0,15,3,10,0,35,27,5,13,9,0,11,4,4
H,13,0,0,115,9,3,0,2,9,1,1,0,2,3,1,4,6,5,2,3,3,1,5,1,3,3,2,0,9,6,4,0,0,5,4,0,3,2,13,10,1,16,2,2,1,2,16,5,0,68,5,1,0,2,6,1,2,1,2,9,20,3,4,0,3,1,0,5,2,1,2,0,1,3,5,4,8,1,3,3,7,3,4,34,7,5,0,31,2,1,73,0,1,23,12,1,0,2,1,42,0,1,2,13,1,0,1,0,0,8,4,1,2,1,7,0,3,0,4,1,2,0,7,13,3,3,0,11,3,1,1,4,2,0,0,1,3,1,5,1,3,2,2,2,0,7,4,4,17,2,3,0,3,3,4,0,0,8,2,16,1,4,38,41,1,73,4,2,2,2,1,1,1,2,12,3,2,3,246,1,0,1,2,3,15,1,10,3,2,1,0,1,2,0,1,7,0,2,2,0,12,3,34,10,11,18,172,16,12,2,5,2,0,1,3,0,10,0,1,0,1,4,7,0,5,1,3,2,0,2,1,20,0,6,0,20,14,1,0,2,0,4,5,2
H,9,2,0,80,6,5,0,2,3,1,2,2,2,0,0,4,2,1,2,1,1,0,1,0,1,6,0,4,9,27,2,0,2,8,0,0,1,4,19,1,4,10,2,0,0,0,8,5,0,46,5,2,0,0,10,1,0,11,1,13,12,1,5,0,2,1,0,5,2,1,1,0,3,2,4,1,6,1,4,2,16,2,0,18,2,3,5,1,0,2,54,0,0,18,2,1,0,1,0,26,0,6,1,4,0,0,1,0,0,13,5,2,0,0,0,3,2,1,0,0,3,1,2,14,0,4,0,7,2,0,1,1,0,0,1,3,7,0,5,1,1,0,0,3,2,2,1,2,16,5,0,1,1,1,1,2,1,3,1,11,0,0,21,19,0,42,7,1,1,5,0,3,1,0,3,3,0,0,158,3,3,2,0,6,8,2,3,6,1,3,1,1,1,0,4,9,0,2,1,1,9,0,35,0,11,11,135,3,17,1,0,5,3,0,0,2,2,5,1,1,11,0,10,1,0,2,0,3,0,1,0,13,2,11,1,16,4,0,5,0,1,5,6,0
H,8,0,0,71,6,2,2,3,2,2,3,1,0,0,1,4,7,0,1,1,1,1,0,1,1,5,0,0,7,8,2,1,1,6,0,0,1,0,15,1,1,12,1,2,0,1,5,5,0,47,5,2,0,2,5,2,1,5,0,20,13,2,3,0,1,1,2,0,0,0,2,5,3,2,1,0,12,3,1,0,14,2,0,25,3,1,0,8,11,0,45,1,2,24,4,1,1,1,1,25,0,5,0,3,0,6,0,0,2,14,5,3,2,0,4,5,0,0,2,2,1,0,2,14,0,2,2,7,3,1,1,3,0,0,0,0,0,1,4,0,0,0,1,5,0,6,0,1,15,0,0,1,2,0,1,0,0,5,4,7,1,0,16,24,2,37,7,1,0,1,2,2,2,1,4,2,2,3,170,1,1,0,1,5,12,6,17,1,0,0,1,3,1,0,0,3,1,2,5,1,10,4,26,3,13,9,155,1,11,1,2,5,2,1,0,0,3,2,1,2,0,3,6,1,8,2,0,3,1,1,2,13,0,10,1,19,2,1,3,0,1,6,2,5
J,4,0,1,53,2,2,0,7,2,0,0,0,1,2,2,4,3,2,1,0,6,0,1,1,3,4,2,2,4,5,0,1,1,5,2,0,0,2,14,0,2,2,3,0,1,1,4,2,0,29,5,0,0,2,5,0,1,4,4,22,10,3,1,0,5,2,2,4,0,1,1,2,1,1,1,4,10,0,1,0,21,1,1,44,0,5,0,4,7,2,83,0,1,17,1,1,1,2,1,11,3,4,1,0,2,0,0,1,0,13,4,5,0,0,0,0,0,0,0,1,0,0,3,6,1,3,2,1,0,1,0,2,0,1,0,1,6,1,1,1,0,2,0,4,2,8,3,1,8,1,2,0,3,3,2,1,0,4,0,2,2,6,16,38,0,34,3,1,0,0,0,6,0,1,1,1,4,2,107,2,3,0,3,4,6,0,9,0,0,0,0,0,1,1,2,22,0,4,0,1,13,1,15,8,10,8,83,4,10,1,1,6,0,0,0,0,0,2,1,8,2,1,8,1,0,4,1,2,0,3,1,1,0,10,0,16,1,4,1,7,2,5,2,0
J,4,8,1,56,6,7,0,0,0,1,0,1,1,0,1,0,2,0,0,0,4,0,1,3,2,5,1,1,15,2,3,0,1,13,0,1,3,0,6,3,1,11,4,0,0,0,6,5,0,13,4,0,1,0,1,0,1,8,2,5,13,0,1,1,0,1,0,0,1,4,1,0,1,1,3,3,8,0,2,0,11,1,3,20,2,8,7,3,1,2,60,0,0,7,5,1,0,3,0,11,0,5,1,0,0,0,4,5,1,10,4,4,2,1,2,1,1,1,1,0,0,0,14,8,2,0,2,8,0,1,0,0,0,0,0,4,3,0,3,2,1,1,0,0,0,3,1,2,2,1,1,1,3,2,3,1,1,3,1,24,0,4,7,21,0,25,7,2,0,0,1,2,2,2,0,0,7,0,93,2,1,1,3,7,5,1,15,0,0,2,3,5,1,1,2,8,0,2,0,3,11,0,31,3,18,6,62,0,32,1,0,0,0,5,1,0,1,1,1,0,7,0,7,0,2,0,3,3,0,0,4,3,3,1,1,24,2,1,3,0,0,0,0,1
J,4,4,1,51,4,4,0,0,0,4,1,0,0,5,0,0,1,0,0,1,2,0,2,3,0,2,2,2,8,17,0,0,3,13,3,0,3,0,1,8,3,1,2,0,4,0,10,9,0,16,5,1,0,0,9,2,0,12,1,17,14,0,1,0,4,2,1,18,2,3,1,1,2,1,0,2,13,1,1,1,19,2,3,17,2,9,9,0,1,1,90,0,1,9,5,0,1,2,0,10,0,1,1,0,0,0,0,1,0,12,1,4,0,2,2,2,3,1,1,1,0,0,7,11,2,0,0,6,2,2,1,1,0,0,1,0,1,0,6,3,6,0,0,3,0,4,0,5,2,2,3,0,2,0,2,2,1,6,1,15,0,1,10,28,1,24,13,0,2,4,0,0,2,5,0,0,4,2,86,0,1,0,0,11,1,1,16,6,0,1,1,4,2,1,4,8,0,2,0,1,12,6,25,3,14,11,72,0,24,0,4,10,0,1,0,0,3,0,1,1,8,0,10,1,1,0,2,8,0,1,0,3,7,2,1,20,1,4,2,0,0,10,2,1
J,4,1,0,45,9,2,0,1,0,1,0,2,0,2,1,1,1,1,0,2,1,1,2,3,1,2,1,1,11,37,2,0,2,11,0,0,2,0,6,1,0,1,0,1,2,0,2,3,0,9,3,0,2,0,4,6,2,11,2,11,8,0,3,0,6,1,0,7,0,1,1,0,0,1,1,1,10,4,0,0,11,0,5,23,1,9,11,1,6,0,72,0,1,1,3,0,0,2,0,10,1,5,2,0,0,0,0,2,0,11,4,4,2,0,0,0,3,0,0,1,0,0,0,3,1,1,0,2,3,0,0,0,0,1,0,1,1,1,5,9,1,0,1,0,1,7,2,4,0,3,3,0,2,0,2,0,1,6,0,6,0,3,7,21,0,28,3,10,0,1,0,5,0,3,0,0,1,1,66,0,3,0,3,4,0,3,2,0,0,2,2,1,1,0,1,3,0,2,0,1,7,1,31,3,10,5,53,3,10,1,0,7,1,0,0,7,0,3,1,3,2,2,4,1,0,0,2,6,0,0,0,4,2,4,4,3,2,1,1,0,0,5,1,2
J,8,0,1,88,15,5,1,5,3,0,1,1,0,0,1,0,6,2,4,2,13,0,1,3,2,2,2,0,12,7,3,1,0,4,3,2,3,0,11,8,2,4,1,0,2,0,12,13,1,32,12,1,0,2,0,0,0,12,2,32,20,1,1,1,1,1,0,9,0,3,1,2,2,2,2,1,4,1,0,3,21,3,5,46,0,2,2,0,0,0,103,1,3,19,8,1,0,2,0,14,3,11,0,6,2,1,7,21,0,14,14,10,0,2,1,1,0,0,0,0,1,2,7,25,3,1,0,3,0,0,1,2,1,7,0,2,3,3,0,1,3,0,0,3,1,0,1,0,4,6,0,1,1,0,2,2,1,7,0,25,0,1,17,30,0,53,8,0,0,8,0,1,1,0,0,1,8,2,174,2,1,2,4,4,5,0,2,0,1,2,4,3,4,0,4,6,9,3,1,2,14,2,57,18,30,14,99,6,14,2,0,1,0,2,1,0,6,1,1,2,1,4,12,0,3,8,5,5,1,1,2,6,0,5,1,39,4,5,12,0,2,5,4,3
M,4,6,5,100,4,6,0,0,3,4,1,0,1,5,0,6,1,14,3,4,4,1,2,0,0,5,0,3,12,6,7,1,3,12,4,3,2,12,11,4,0,3,1,0,0,0,16,8,1,78,4,6,0,0,9,0,2,8,0,11,14,0,2,0,4,6,2,8,0,1,1,0,2,3,7,15,8,1,2,0,21,8,14,31,1,13,1,3,0,0,121,0,0,16,4,5,0,0,1,39,1,15,1,2,0,1,0,0,2,11,0,2,5,0,8,3,2,0,1,6,0,2,3,27,1,1,1,3,3,2,2,3,0,5,0,2,2,3,5,1,5,1,1,1,0,8,3,0,9,5,12,1,2,3,1,1,0,8,1,30,2,6,41,47,2,63,6,12,1,1,1,12,0,0,0,1,3,4,261,7,6,0,3,22,4,1,13,2,1,2,1,1,0,0,2,5,0,3,0,3,18,2,61,9,39,18,157,10,22,1,3,9,4,3,12,0,6,3,1,2,0,4,11,2,4,2,2,2,0,2,3,14,0,8,1,20,5,2,1,0,1,9,5,0
M,6,0,1,72,13,3,0,0,1,5,1,2,2,2,0,0,6,4,1,1,0,1,2,2,2,8,2,2,11,5,0,1,1,8,2,0,0,2,13,9,0,12,2,0,0,0,16,2,0,37,6,1,1,2,8,1,0,4,0,17,13,2,0,0,1,0,3,12,0,0,1,3,1,4,1,2,2,1,1,2,19,0,1,33,0,5,2,2,3,0,60,0,0,17,3,2,0,1,1,40,0,9,0,2,0,3,1,0,0,7,2,4,0,0,0,0,1,0,0,2,1,2,2,7,1,3,1,2,4,3,2,2,0,0,0,0,2,1,4,2,5,4,1,3,0,11,3,0,9,0,0,0,3,3,1,0,1,2,0,26,0,1,25,31,1,40,6,1,0,1,2,3,1,0,0,1,0,0,202,3,1,0,1,7,8,1,9,1,0,2,0,1,0,0,3,6,0,7,1,4,20,0,45,1,18,17,124,2,11,1,5,2,2,1,0,3,0,0,1,3,0,2,4,1,0,1,0,2,1,1,0,9,1,7,0,24,10,0,3,1,2,8,2,1
M,10,1,0,85,4,4,1,6,4,1,1,2,1,1,4,3,3,5,2,2,5,2,0,2,2,6,4,1,20,7,1,2,3,7,2,0,1,0,17,2,3,3,2,0,1,0,18,4,6,56,8,0,0,4,7,1,1,10,0,14,19,0,2,0,5,1,3,6,1,0,1,0,6,1,3,1,6,1,1,0,23,1,5,47,4,5,0,1,3,2,101,0,0,26,3,3,0,3,1,44,2,10,0,5,2,0,4,0,0,17,10,10,4,1,5,1,4,0,0,1,1,1,1,18,0,2,1,5,5,3,7,4,0,1,1,0,2,1,1,0,0,4,0,3,1,0,1,2,24,0,0,1,3,4,1,0,0,14,1,10,3,6,30,37,3,62,2,8,0,1,1,4,3,0,1,3,6,6,230,6,0,1,5,12,10,0,11,2,0,0,1,2,0,0,0,6,0,4,1,1,12,0,47,3,30,19,159,21,13,1,4,5,0,0,1,1,2,0,0,2,0,1,12,0,1,2,0,4,0,2,4,10,1,2,1,29,5,3,3,0,5,8,1,2
M,8,0,2,117,3,5,1,3,3,2,1,2,1,1,0,3,10,4,6,1,6,1,4,2,0,4,1,5,21,15,3,1,4,10,2,0,0,7,24,9,3,12,2,1,1,0,9,12,1,92,7,3,2,1,6,6,2,17,0,22,32,2,2,2,1,2,1,3,2,1,1,0,6,3,6,7,13,10,3,4,25,0,1,56,3,11,0,5,10,11,94,2,2,21,9,5,1,3,1,26,1,9,0,12,0,0,2,2,1,22,10,2,1,3,18,2,2,1,3,1,1,0,1,19,2,2,5,8,0,2,2,4,0,6,0,0,4,1,13,0,2,4,2,6,3,3,1,0,15,1,1,3,2,1,3,5,0,9,6,12,5,2,57,49,1,62,6,2,0,7,2,5,2,1,4,5,2,5,271,7,2,6,3,4,12,1,19,3,0,3,1,3,1,0,0,6,5,10,4,4,21,3,51,14,37,15,190,4,17,4,3,7,0,4,0,7,3,2,1,12,0,2,20,1,6,5,3,6,2,4,0,18,0,6,0,29,17,2,11,12,1,9,4,6
M,13,0,0,91,1,7,2,1,6,2,1,1,7,2,0,0,4,0,6,0,0,1,0,1,1,4,0,0,23,8,4,1,3,6,3,1,0,0,21,1,0,24,5,0,2,1,6,4,0,53,8,4,6,0,20,2,3,6,5,10,22,2,4,0,6,3,1,2,1,2,3,2,3,0,5,1,13,0,0,1,16,0,0,28,1,8,0,0,6,12,64,1,2,3,4,3,2,1,0,27,0,9,0,14,2,3,0,0,2,12,1,6,3,0,1,0,1,3,0,0,2,1,27,20,0,4,21,12,2,0,0,1,0,3,2,0,1,2,1,0,3,2,0,0,7,7,8,1,8,0,0,3,6,2,1,3,0,6,1,15,3,4,57,44,1,73,5,3,2,0,0,6,6,4,0,0,4,1,300,1,1,2,0,10,9,2,32,0,0,1,3,4,0,0,0,25,6,3,13,0,14,0,52,0,33,25,157,5,14,1,2,3,3,0,2,0,0,0,1,2,0,8,14,1,1,6,1,0,4,1,0,6,0,7,0,33,7,1,2,2,0,7,1,6
M,11,0,2,120,7,8,4,2,8,2,0,5,1,5,2,3,11,2,4,3,0,2,7,0,1,5,1,1,16,6,3,2,2,4,3,5,2,1,18,3,2,31,6,0,2,1,7,13,0,53,13,0,0,2,4,1,4,9,0,28,19,2,3,13,2,1,0,1,4,2,4,2,6,0,2,1,9,0,2,4,35,0,2,63,5,5,0,2,19,15,100,0,2,26,2,3,0,3,1,31,1,6,0,12,1,1,0,0,0,15,12,5,0,5,3,5,1,1,0,1,1,2,7,13,0,2,2,6,2,2,0,1,0,1,0,0,6,0,5,1,0,0,3,17,0,6,0,0,20,3,0,1,4,2,1,3,0,22,1,7,12,0,29,35,2,68,8,2,0,1,0,3,7,2,0,1,1,3,294,6,0,0,0,3,10,0,25,1,0,4,0,1,0,1,0,13,0,7,4,0,23,6,54,9,55,13,174,4,10,1,0,7,2,0,0,0,4,1,1,12,0,2,7,0,1,4,5,2,1,1,0,12,0,7,0,33,9,3,6,16,4,3,1,3
M,17,1,0,119,6,4,0,5,14,0,3,4,0,4,0,3,5,7,2,0,0,3,2,2,0,8,0,8,22,9,6,2,5,12,2,3,0,0,28,9,2,12,7,0,3,3,23,6,0,81,9,1,5,1,15,3,2,10,5,15,18,4,2,4,1,1,1,6,1,2,2,1,7,3,6,0,8,3,1,1,13,3,0,42,9,13,7,5,6,10,88,1,1,26,6,3,0,1,3,36,0,4,3,18,2,0,0,0,0,16,1,6,0,2,3,5,7,0,0,7,2,4,2,15,1,7,3,3,1,4,0,0,3,4,0,2,1,1,14,8,1,6,1,7,2,10,2,0,20,1,0,0,18,2,2,2,2,15,4,25,7,1,38,52,6,63,13,3,1,2,0,9,3,0,0,3,2,3,336,1,2,0,1,10,18,0,13,4,0,13,1,2,2,0,1,9,0,2,1,2,35,4,74,8,32,27,204,15,21,0,4,7,2,1,0,14,1,3,1,3,6,8,14,1,1,2,4,0,0,2,0,20,5,5,0,33,9,1,28,5,3,7,4,3
M,9,0,1,93,6,10,1,7,7,0,0,1,1,3,1,1,3,11,0,0,0,4,0,1,0,5,2,0,10,15,2,1,1,1,2,1,0,7,18,3,1,31,5,0,1,1,17,8,11,50,8,1,1,2,9,5,1,8,2,6,22,0,1,11,7,3,1,2,2,2,1,5,0,0,0,1,7,6,2,1,12,3,0,32,2,4,7,2,4,6,96,0,4,20,11,6,1,0,0,27,2,3,1,4,1,0,6,6,0,16,0,7,0,1,1,0,1,0,0,3,3,7,0,9,0,6,5,21,3,0,1,1,3,4,1,0,0,2,6,13,2,3,1,4,2,4,0,0,19,0,3,0,7,7,0,4,11,6,0,6,3,2,39,29,1,62,4,3,3,2,2,1,6,0,2,3,4,6,262,3,2,0,3,16,13,3,7,0,0,3,1,1,3,1,1,3,0,1,7,2,22,9,48,4,31,22,184,4,15,0,6,8,11,0,1,0,3,2,1,3,0,1,11,1,0,3,0,0,0,3,0,16,0,3,0,22,8,2,21,3,1,4,0,1
M,13,0,0,112,5,5,0,2,9,5,6,3,3,7,0,0,8,8,0,1,1,3,0,3,1,7,5,2,6,12,4,2,3,8,7,8,0,4,22,9,2,45,9,0,0,3,25,12,2,93,6,5,0,1,15,5,0,10,0,12,26,1,2,2,5,3,8,1,1,1,1,5,7,0,2,2,13,0,1,2,10,2,1,50,3,10,0,2,1,3,79,4,0,21,8,3,0,3,1,34,1,3,2,17,2,5,1,1,1,17,12,6,3,2,0,0,4,0,0,2,1,3,2,15,0,3,11,26,5,1,7,0,4,4,0,0,0,2,15,4,3,8,1,3,0,6,4,1,14,1,3,4,8,2,1,6,0,2,2,19,7,2,34,57,4,55,6,1,1,2,0,8,0,1,0,4,5,11,356,5,2,1,1,20,11,2,22,0,0,4,4,3,5,11,0,3,1,2,18,2,28,7,78,5,47,33,223,8,21,4,3,7,2,0,6,1,2,1,1,8,0,6,12,1,1,1,1,4,0,1,3,12,1,7,2,39,14,3,6,5,3,1,2,0
M,20,0,1,81,4,6,0,2,13,1,2,1,3,2,1,1,8,5,1,0,0,1,0,1,0,1,1,1,9,29,1,2,1,9,6,3,0,3,25,7,3,29,8,4,0,1,6,7,5,43,6,3,0,1,6,12,0,6,2,15,16,2,0,5,1,0,0,1,0,2,1,4,3,5,8,0,5,4,0,3,9,2,2,28,8,8,0,4,2,23,88,2,1,33,15,3,4,2,0,30,1,0,1,19,1,2,9,2,1,18,4,4,2,2,2,4,0,0,0,0,0,1,1,13,0,4,10,22,2,0,0,0,3,1,3,1,0,2,6,3,2,3,0,10,0,6,0,0,19,4,0,0,12,6,0,1,0,12,1,10,2,1,28,19,4,66,8,1,0,3,0,10,6,0,0,2,3,6,315,4,2,3,1,9,7,1,11,0,1,15,1,1,1,5,1,6,1,5,10,8,20,15,54,2,28,28,171,6,37,1,1,11,1,1,0,0,4,2,1,4,4,2,8,2,0,5,4,1,1,0,1,10,0,4,1,28,18,0,21,9,1,2,4,2
M,8,1,2,66,8,7,2,8,5,13,0,2,0,1,0,2,5,3,1,3,1,1,1,0,1,4,1,3,8,11,0,2,4,14,5,3,0,0,5,0,0,22,2,0,2,0,9,2,0,20,1,4,0,1,6,2,2,11,0,1,10,0,0,2,4,1,5,4,0,1,1,6,1,1,2,4,4,2,1,4,7,3,0,30,1,9,0,3,6,11,63,1,1,17,4,9,9,2,0,17,1,5,0,4,1,0,0,1,0,15,3,1,4,0,1,1,3,0,0,1,1,0,1,7,0,1,17,18,2,0,0,1,0,1,2,0,1,0,5,2,2,1,0,4,0,10,1,3,6,6,0,1,3,7,1,1,2,4,2,32,1,2,23,19,3,40,7,3,1,0,1,2,4,1,0,0,1,2,278,6,0,1,3,7,4,3,21,0,0,2,1,1,0,0,0,18,1,1,5,1,12,0,52,1,11,10,143,6,8,0,1,3,3,0,0,0,3,0,1,4,3,3,4,2,0,2,2,2,1,2,8,7,0,4,1,23,6,0,9,3,3,6,1,5
M,5,1,0,86,6,2,0,4,6,27,3,2,0,5,1,0,2,2,2,1,4,2,5,0,0,5,1,2,10,29,0,2,7,11,7,0,1,3,9,7,0,16,3,0,1,0,13,6,0,42,2,2,0,2,6,0,0,5,2,14,20,1,0,0,3,2,7,0,1,0,1,11,7,2,3,5,9,1,3,1,29,6,4,39,6,11,0,4,3,3,73,0,0,15,6,4,5,1,0,23,4,7,0,1,0,0,0,0,0,18,9,6,5,1,0,4,0,0,0,6,2,3,6,13,2,2,26,31,0,0,1,2,0,5,3,1,3,2,4,1,3,1,1,3,2,3,1,0,5,3,2,1,3,3,2,8,0,13,1,40,1,1,7,32,0,46,5,6,1,1,3,5,2,1,0,1,4,1,303,4,1,1,0,9,4,0,22,0,0,2,2,2,1,0,2,28,0,1,2,0,11,0,72,6,21,32,162,9,14,0,2,4,1,1,2,0,0,1,1,12,1,3,13,0,0,4,3,3,0,2,0,9,1,6,1,21,4,0,3,2,1,2,2,3
M,12,0,1,65,1,4,8,3,4,1,1,5,1,3,0,8,4,0,4,0,0,1,2,1,1,4,0,2,12,4,5,1,1,9,3,5,0,0,24,9,0,2,2,0,0,0,8,2,2,35,4,3,0,3,10,1,2,6,0,8,12,0,4,0,6,0,0,0,0,0,2,17,0,1,1,1,17,4,0,2,1,2,0,36,2,5,0,6,7,18,86,2,2,14,5,4,9,9,0,22,0,2,0,23,1,2,1,1,5,20,2,2,0,1,11,1,2,9,4,0,9,3,0,26,0,6,2,7,0,3,2,2,1,4,3,1,0,1,1,1,4,3,3,3,0,0,5,2,14,0,0,1,2,0,0,4,0,6,2,4,5,2,43,22,0,62,5,3,0,1,1,14,7,1,0,0,1,0,327,1,1,60,1,12,17,0,9,0,0,1,1,4,1,0,1,1,4,4,6,1,7,7,35,6,42,20,187,1,18,0,2,1,1,2,0,3,3,0,1,4,0,5,5,0,10,4,2,2,9,2,0,10,0,7,0,20,15,3,16,0,1,7,3,1
M,12,0,0,54,4,2,0,2,3,1,0,0,0,2,0,2,1,2,3,1,0,0,1,4,1,4,4,3,12,3,2,1,2,8,2,1,2,1,14,4,1,2,0,0,0,0,6,0,0,35,5,4,1,2,9,3,0,6,0,11,13,0,2,0,4,1,1,3,2,0,1,3,1,1,2,2,8,0,1,0,14,0,0,27,3,4,0,8,4,14,51,5,0,10,1,1,0,1,1,28,3,4,0,10,1,0,1,0,1,8,6,1,0,0,3,1,0,2,1,0,0,5,0,6,0,2,0,5,1,3,4,2,0,3,1,0,0,0,6,0,1,1,0,10,0,1,1,2,12,2,0,2,0,1,0,1,0,10,2,11,8,1,29,24,0,45,2,0,0,0,1,7,5,0,0,1,1,3,169,3,6,19,1,12,6,0,13,0,0,3,0,4,0,0,0,7,0,7,3,0,16,3,31,5,28,16,100,1,11,2,2,3,2,1,0,0,2,0,1,5,2,1,7,0,0,3,3,3,0,0,4,12,0,4,0,18,6,0,8,1,1,2,3,1
