Word,FED_18_C.txt,FED_19_C.txt,FED_20_C.txt,FED_49_D.txt,FED_50_D.txt,FED_51_D.txt,FED_52_D.txt,FED_53_D.txt,FED_54_D.txt,FED_55_D.txt,FED_56_D.txt,FED_57_D.txt,FED_58_D.txt,FED_62_D.txt,FED_63_D.txt,FED_11_H.txt,FED_12_H.txt,FED_13_H.txt,FED_15_H.txt,FED_16_H.txt,FED_17_H.txt,FED_1_H.txt,FED_21_H.txt,FED_22_H.txt,FED_23_H.txt,FED_24_H.txt,FED_25_H.txt,FED_26_H.txt,FED_27_H.txt,FED_28_H.txt,FED_29_H.txt,FED_30_H.txt,FED_31_H.txt,FED_32_H.txt,FED_33_H.txt,FED_34_H.txt,FED_35_H.txt,FED_36_H.txt,FED_59_H.txt,FED_60_H.txt,FED_61_H.txt,FED_65_H.txt,FED_66_H.txt,FED_67_H.txt,FED_68_H.txt,FED_69_H.txt,FED_6_H.txt,FED_70_H.txt,FED_71_H.txt,FED_72_H.txt,FED_73_H.txt,FED_74_H.txt,FED_75_H.txt,FED_76_H.txt,FED_77_H.txt,FED_78_H.txt,FED_79_H.txt,FED_7_H.txt,FED_80_H.txt,FED_81_H.txt,FED_82_H.txt,FED_83_H.txt,FED_84_H.txt,FED_85_H.txt,FED_8_H.txt,FED_9_H.txt,FED_2_J.txt,FED_3_J.txt,FED_4_J.txt,FED_5_J.txt,FED_64_J.txt,FED_10_M.txt,FED_14_M.txt,FED_37_M.txt,FED_38_M.txt,FED_39_M.txt,FED_40_M.txt,FED_41_M.txt,FED_42_M.txt,FED_43_M.txt,FED_44_M.txt,FED_45_M.txt,FED_46_M.txt,FED_47_M.txt,FED_48_M.txt,
all,8,5,7,6,5,12,3,9,10,4,9,7,14,11,10,13,6,3,21,9,12,9,3,12,10,8,7,8,4,15,4,5,9,6,8,6,7,11,3,10,2,4,8,4,9,18,5,7,2,4,8,1,7,5,10,7,2,12,19,13,7,28,14,13,9,8,4,4,4,4,8,4,6,10,8,13,11,17,9,13,20,8,5,12,12
causes,0,1,1,0,0,0,0,1,0,0,0,1,1,0,2,1,0,1,1,1,1,1,1,0,0,0,0,0,1,0,0,0,0,0,0,1,1,0,0,1,0,0,1,0,0,0,2,1,0,1,0,1,0,0,0,0,0,4,8,15,9,23,0,0,2,0,0,8,4,1,0,6,0,1,0,0,0,1,0,0,0,1,1,0,0
whose,0,1,1,1,0,1,2,1,0,2,1,1,0,2,1,0,0,0,1,0,1,0,0,0,1,0,1,0,0,1,1,0,0,0,2,0,4,1,1,0,0,2,2,6,1,2,2,5,0,1,1,0,1,2,1,3,0,3,0,0,0,1,1,0,0,0,1,1,1,0,1,5,1,0,2,0,2,0,1,0,1,2,0,1,0
to,54,59,42,58,28,50,72,73,61,78,39,74,61,80,88,83,82,43,117,89,58,72,55,145,97,91,90,95,63,66,112,76,82,47,67,107,101,120,73,87,61,85,84,84,76,102,58,120,78,99,83,36,91,96,72,128,42,82,114,163,83,219,140,115,80,71,53,56,51,45,88,100,72,85,117,91,120,119,93,112,81,66,86,65,54
those,5,0,1,1,1,3,4,5,6,0,4,5,4,5,5,7,3,0,10,10,9,9,9,13,4,2,6,5,4,4,4,5,9,1,6,10,9,9,5,8,4,6,6,4,4,5,7,9,3,1,6,3,4,7,1,10,0,8,15,12,6,13,9,9,6,6,2,6,4,9,15,4,13,4,3,1,7,6,6,5,4,8,6,1,4
under,5,3,3,2,3,4,10,1,4,5,1,2,4,2,3,3,2,2,4,2,2,3,1,4,4,2,5,2,0,3,4,0,0,2,3,2,3,7,3,2,3,1,2,1,3,3,0,4,2,2,3,0,5,7,1,3,1,5,11,5,2,10,17,3,5,2,2,7,4,2,5,6,3,4,5,7,8,4,10,5,6,7,2,4,2
appointment,0,1,2,1,0,1,0,0,2,0,0,0,0,5,2,0,0,0,1,0,0,0,0,0,0,0,0,0,0,0,3,0,0,0,0,0,0,1,3,0,0,1,2,4,4,6,0,1,0,1,1,0,1,8,9,0,1,0,0,0,0,1,0,0,0,2,0,0,0,0,1,0,0,1,1,2,4,0,1,0,0,2,0,8,0
very,3,1,2,2,3,4,6,9,6,7,10,7,2,0,3,1,2,1,1,2,0,0,0,1,1,0,1,3,2,0,3,2,0,1,3,2,1,1,1,1,0,0,2,0,0,1,1,1,6,2,5,0,4,1,1,2,1,0,0,3,0,2,3,2,2,3,7,0,0,1,5,0,0,6,3,1,2,5,7,2,2,8,4,3,2
every,0,2,1,5,2,3,5,4,1,12,7,13,8,11,6,3,4,3,8,1,1,3,3,8,4,1,1,4,0,0,0,8,5,2,4,2,5,3,8,2,1,3,3,0,2,5,1,3,3,3,4,2,1,6,1,7,2,1,2,10,4,12,6,9,3,2,2,0,0,0,3,3,1,4,3,6,8,14,7,9,13,5,6,4,3
governments,0,0,2,3,0,3,2,0,0,0,0,2,1,7,6,0,1,1,1,3,8,0,2,1,3,0,2,0,2,5,0,3,7,3,3,4,0,3,4,1,2,1,2,0,0,0,0,0,1,0,1,0,1,1,0,1,0,1,0,4,2,0,1,1,1,2,0,1,4,1,0,4,5,1,2,2,2,0,0,5,1,13,27,1,1
force,1,3,1,1,1,0,0,0,1,2,2,0,2,0,2,3,0,1,1,4,2,1,2,2,0,2,4,7,5,9,3,1,1,0,0,0,1,0,1,3,2,0,0,1,1,0,0,0,0,1,0,1,2,0,0,1,0,2,0,3,1,3,0,1,2,3,0,0,1,0,1,1,1,1,1,1,0,3,0,6,2,0,3,1,0
even,1,1,1,1,2,2,3,4,1,1,2,0,2,1,4,3,2,1,3,5,0,2,2,5,0,6,3,6,0,2,5,1,2,1,0,2,2,5,1,0,0,0,3,4,1,3,0,2,1,6,2,1,0,2,0,2,0,4,3,3,1,4,4,0,2,1,0,1,0,2,1,0,2,2,2,1,5,4,1,3,1,2,2,5,0
established,0,2,0,1,0,0,4,6,1,0,0,1,0,0,0,0,0,0,0,0,1,0,3,0,0,1,1,1,0,0,0,1,0,0,0,0,0,0,0,1,1,0,0,3,0,2,0,1,1,0,0,0,0,0,1,3,1,0,1,1,2,4,1,2,2,0,1,1,0,0,0,1,2,1,1,7,1,0,1,3,3,0,0,1,0
what,0,1,1,0,0,2,2,4,2,3,2,5,0,7,3,3,2,0,3,2,1,0,2,4,0,0,2,3,2,2,6,6,4,2,10,5,1,5,0,6,2,2,4,0,1,3,2,6,5,5,2,0,0,2,9,2,1,3,6,2,2,2,11,3,0,0,2,0,5,2,0,5,2,1,1,2,5,4,3,7,2,1,5,3,2
appear,1,0,0,1,1,1,1,1,2,0,0,1,0,1,3,1,1,2,3,2,0,0,2,2,0,5,0,1,1,0,0,1,1,1,1,1,2,0,1,2,1,1,2,0,0,0,0,0,1,0,1,0,0,0,1,1,0,1,1,0,0,3,1,1,0,1,2,1,0,1,1,0,0,4,0,0,2,0,1,0,1,0,1,0,0
liberty,2,0,0,0,1,2,5,5,2,2,0,3,0,1,4,0,0,1,0,1,1,5,0,1,0,2,5,7,0,2,2,0,0,1,0,0,0,0,0,0,3,0,0,0,0,1,0,3,1,1,2,0,0,0,0,3,0,0,0,0,0,10,14,4,4,4,4,0,0,1,0,6,0,3,3,0,3,3,1,0,1,2,0,8,2
new,3,2,1,2,1,1,5,3,3,2,1,7,3,6,3,2,3,4,3,1,1,7,7,6,1,5,4,4,2,2,4,5,1,1,1,1,4,2,1,1,6,3,5,2,1,20,2,5,4,2,3,1,4,1,2,1,2,11,2,9,3,10,10,6,2,7,3,2,1,1,6,1,6,3,10,4,11,5,3,8,8,5,2,4,1
public,1,5,2,6,2,2,2,6,2,5,0,5,3,6,6,0,3,1,5,0,2,2,1,4,4,2,2,5,3,2,2,11,2,0,0,3,4,3,2,2,2,6,2,3,1,3,2,6,4,4,3,0,1,4,9,3,1,4,5,8,1,5,9,5,1,0,2,0,0,1,2,14,4,5,4,0,2,7,11,8,5,3,2,0,2
body,0,3,0,0,2,0,0,0,1,1,0,1,1,2,13,0,0,0,1,2,1,1,0,1,1,1,1,4,0,3,5,1,0,2,0,1,4,1,3,6,3,4,10,6,6,1,0,2,4,1,12,4,9,14,7,8,1,1,1,12,0,5,4,2,2,1,1,0,0,0,4,3,1,2,6,6,4,2,0,0,1,1,2,4,3
degree,1,0,2,0,0,1,3,2,2,4,3,0,1,1,2,0,2,1,0,1,1,0,3,0,1,0,1,2,1,0,2,3,3,0,0,0,3,1,1,1,0,1,1,0,2,3,0,2,2,1,0,0,3,2,1,0,0,0,0,2,0,2,2,3,1,1,0,0,1,2,2,4,1,2,1,0,3,0,0,1,0,3,1,0,1
men,0,1,1,2,2,4,0,2,1,4,2,4,2,3,4,2,2,1,9,1,1,8,1,10,1,0,1,1,1,3,2,3,4,0,0,0,3,3,1,5,2,5,2,0,4,0,5,5,4,10,5,2,1,9,4,4,3,2,1,8,1,7,5,3,1,1,6,4,2,1,13,4,0,5,6,0,0,0,0,1,0,1,4,0,0
here,1,0,0,0,0,0,1,2,0,3,1,1,1,0,2,0,1,0,1,1,0,0,0,0,0,2,1,0,1,0,0,0,1,1,0,0,1,1,0,0,0,0,1,2,0,1,0,2,0,0,0,0,1,2,1,2,1,1,0,2,1,1,3,1,0,1,0,0,0,1,0,1,1,2,1,1,2,3,4,3,1,1,2,1,0
let,0,0,2,1,0,0,2,0,2,1,0,2,0,0,0,3,0,0,2,0,1,1,1,0,1,0,0,2,1,1,0,1,0,0,0,3,2,1,0,3,0,0,0,2,1,0,4,0,0,0,1,0,0,0,1,0,0,0,1,3,0,6,2,5,1,0,1,1,2,2,1,2,2,0,4,0,7,2,0,0,0,1,5,2,1
others,3,0,4,2,2,3,0,0,3,0,1,0,1,1,3,1,0,0,0,0,2,0,1,5,0,0,0,3,0,1,0,0,0,1,0,1,2,0,0,1,0,0,1,0,0,0,2,2,0,0,0,1,1,2,1,0,0,6,1,1,0,5,0,1,0,1,1,3,3,3,3,0,2,2,2,1,0,2,1,3,1,0,0,1,4
consideration,0,1,0,1,1,1,1,0,0,0,0,1,0,0,1,2,0,1,0,0,0,1,0,0,1,1,0,0,1,1,0,0,0,1,2,2,0,2,1,3,1,1,0,1,2,2,0,2,1,0,1,0,1,1,2,1,0,0,1,3,0,3,1,3,1,1,3,2,0,1,2,0,2,2,0,1,1,0,0,1,0,1,0,1,1
great,1,0,3,5,0,5,2,3,2,2,6,5,2,4,2,9,6,4,2,1,4,3,2,5,1,4,2,4,0,2,1,0,0,0,1,4,5,2,1,4,2,2,1,2,2,13,2,7,0,0,2,0,3,2,3,6,0,4,1,6,0,18,7,3,6,5,4,5,2,2,2,5,8,6,4,4,5,8,5,7,1,4,5,4,4
experience,1,0,1,0,0,1,2,2,0,1,1,1,2,0,2,1,2,0,4,1,1,1,0,1,2,0,2,3,0,1,0,3,1,0,0,1,2,0,1,0,2,0,0,0,0,0,3,2,1,3,1,0,0,1,0,1,0,1,1,0,0,1,0,2,0,0,2,1,2,1,2,0,2,4,1,0,1,0,2,5,1,1,1,0,4
danger,0,0,1,3,1,3,1,2,0,3,0,0,1,1,4,0,0,1,1,2,1,1,0,2,0,1,10,5,1,1,5,1,1,1,1,0,2,0,1,3,3,2,1,0,1,0,0,3,0,1,2,0,1,2,0,1,1,1,0,3,0,3,1,0,4,0,2,1,2,1,0,3,2,1,5,0,1,8,0,2,1,3,2,2,3
from,10,16,18,5,8,7,12,11,13,12,9,11,10,21,16,19,19,5,22,11,5,11,16,23,6,11,12,11,5,6,13,8,10,9,9,12,8,22,12,12,8,12,11,5,11,12,14,18,15,14,13,3,10,12,13,27,7,11,7,20,14,22,20,9,9,7,4,15,8,11,12,12,11,20,21,23,16,22,10,6,9,8,10,12,12
would,6,4,1,22,11,9,8,6,6,10,4,6,12,5,11,50,22,14,13,36,12,2,12,20,4,25,21,16,3,12,19,22,5,23,15,20,16,5,16,28,17,25,10,5,7,27,6,11,16,25,29,9,27,28,32,19,5,51,10,21,11,48,18,6,27,8,5,2,17,37,7,6,5,7,15,8,6,9,15,12,29,11,29,4,3
two,2,1,1,3,3,3,1,2,2,3,2,4,3,4,7,1,1,1,1,0,0,0,3,4,0,8,2,6,0,2,0,2,2,0,1,8,1,3,3,0,3,0,6,3,1,7,2,8,1,0,6,0,7,0,1,6,0,2,4,2,0,1,5,4,2,2,0,3,0,2,3,7,0,1,3,4,3,6,2,4,1,0,0,5,2
few,1,1,0,1,0,1,3,1,0,4,6,6,3,4,1,1,2,0,0,0,0,0,0,2,0,0,0,1,0,0,0,0,0,0,0,1,2,2,5,1,1,0,1,1,0,1,2,0,0,1,2,0,0,0,3,2,2,0,0,0,0,0,2,0,0,1,1,0,0,0,1,1,1,2,1,1,2,2,1,2,2,2,2,1,1
themselves,3,4,2,3,2,1,1,2,2,3,1,2,2,2,6,3,1,2,3,2,1,2,0,2,1,0,0,2,0,3,1,2,3,0,0,1,1,0,1,2,0,2,6,0,1,0,4,2,3,3,1,0,0,2,1,6,0,0,1,0,0,2,1,0,2,1,1,1,3,2,0,3,1,3,4,3,2,5,1,3,1,4,7,1,2
more,10,6,2,3,0,5,7,10,6,11,7,9,13,13,4,9,5,6,6,6,9,7,3,6,2,1,2,3,8,9,2,3,1,0,1,4,9,10,9,4,4,7,12,3,2,7,8,17,6,10,10,1,4,6,7,4,5,6,2,4,1,23,7,5,8,6,5,13,13,11,4,12,8,7,10,6,4,12,1,8,9,14,11,9,8
particular,1,1,2,0,2,2,6,3,1,1,4,2,4,2,5,2,0,0,3,3,4,1,3,4,1,2,2,0,3,0,2,1,1,4,0,5,6,4,5,6,4,1,1,0,1,3,3,1,0,2,0,2,1,2,1,7,2,2,4,6,3,6,6,4,0,0,2,0,3,0,3,4,2,2,2,3,3,2,2,7,6,5,7,3,2
cases,0,3,2,1,0,2,0,3,1,1,3,2,4,1,3,0,0,0,0,1,0,1,0,0,0,0,1,0,0,3,1,0,0,5,0,0,0,2,2,0,0,5,3,1,0,3,0,2,0,0,1,1,1,1,1,0,0,1,19,10,8,42,5,0,0,0,0,1,0,0,2,3,0,0,0,1,5,3,1,8,3,3,0,5,1
circumstances,0,0,1,1,3,0,3,4,0,4,10,2,2,0,2,2,1,1,2,0,0,0,3,0,4,1,0,2,1,1,1,0,0,0,0,0,0,4,2,1,1,0,0,1,1,2,0,4,0,2,1,0,1,2,2,1,2,2,0,1,0,6,0,3,1,1,0,3,3,2,3,2,0,1,0,0,2,0,0,0,0,0,1,0,2
rights,0,1,1,2,0,11,3,1,6,0,2,1,0,0,0,4,1,0,1,1,0,2,0,0,0,4,3,5,0,4,1,0,2,1,0,0,0,1,0,2,0,1,0,0,0,1,0,0,1,0,4,0,0,0,0,7,0,4,1,0,0,1,24,2,4,0,2,0,0,0,0,12,2,0,7,0,1,0,7,4,3,0,3,0,1
this,17,12,8,5,7,13,15,15,21,12,13,13,14,17,17,24,17,5,24,18,11,14,17,31,14,23,20,15,9,7,14,17,13,16,18,14,14,23,18,17,14,18,21,12,13,32,11,16,8,10,27,8,14,18,17,26,8,22,14,44,14,60,36,13,19,15,14,6,1,6,11,11,13,17,24,21,18,28,18,22,25,5,9,24,14
can,0,1,1,4,0,3,7,13,0,8,4,7,5,9,14,5,2,4,14,1,2,3,9,6,11,4,3,5,11,12,11,12,2,1,2,7,6,16,6,4,6,5,3,3,1,18,2,5,2,2,3,0,0,2,8,18,7,3,5,6,5,6,11,10,1,1,0,3,8,1,8,4,9,2,9,1,3,9,3,9,7,0,7,9,4
give,1,1,1,0,0,1,0,0,0,2,2,0,0,0,0,1,0,2,1,2,1,2,0,4,0,0,0,1,1,0,0,0,2,0,0,1,3,0,1,2,1,0,3,2,0,1,0,2,1,2,3,0,0,2,1,2,1,1,0,3,1,2,3,1,4,1,2,1,3,0,2,0,0,3,3,0,2,2,1,2,3,0,0,0,1
states,2,6,2,0,1,3,9,16,24,8,10,5,17,15,5,13,10,9,11,11,4,2,12,26,5,5,10,7,2,5,6,5,2,21,4,12,6,10,10,4,6,0,1,9,5,16,7,3,1,0,4,5,3,4,3,2,2,31,38,18,8,23,19,16,10,12,2,11,1,1,4,3,12,3,12,24,31,12,31,45,29,22,16,2,2
united,2,3,1,0,0,3,4,3,1,3,2,2,0,2,3,4,2,1,2,0,0,1,4,5,1,2,3,2,0,0,2,2,1,3,3,1,1,3,1,0,2,1,0,8,4,13,1,2,1,0,5,4,1,4,2,1,1,2,13,8,5,6,12,2,2,1,3,4,2,0,1,1,2,2,2,5,6,7,5,9,8,2,3,2,0
thing,0,0,2,3,0,0,0,0,0,0,1,1,0,0,1,0,0,0,2,0,0,1,0,0,2,0,0,2,2,0,2,2,2,1,4,1,1,1,2,0,0,1,2,0,0,1,0,4,1,0,2,0,0,0,0,4,0,0,0,3,2,7,7,2,0,2,0,0,0,1,0,0,0,0,1,0,0,0,0,0,4,0,0,0,0
how,1,0,0,2,0,0,0,4,0,1,0,1,0,1,2,0,2,0,4,1,0,0,0,5,0,2,4,0,1,1,2,6,1,0,0,0,0,1,0,0,0,0,2,0,1,2,0,5,1,1,1,0,0,0,1,0,2,1,0,2,0,2,1,1,0,0,1,0,4,2,2,0,0,1,1,2,2,3,1,0,0,2,1,0,0
answer,0,1,0,1,0,1,0,2,0,1,1,1,0,0,3,3,1,0,0,1,0,1,0,1,1,0,0,0,0,1,1,1,0,0,3,1,0,10,0,2,4,2,1,0,0,1,1,1,4,0,0,0,0,1,4,0,1,3,0,2,1,3,3,2,0,1,1,0,0,0,0,0,0,0,0,1,1,3,1,3,1,0,0,0,0
may,0,5,2,4,4,17,7,7,10,11,10,4,10,17,18,9,3,8,7,5,4,11,11,20,7,4,4,10,4,7,7,9,10,2,10,6,8,15,17,10,11,7,8,3,5,10,3,16,10,9,12,7,5,8,2,16,6,3,14,25,14,16,26,16,8,5,4,6,10,2,12,16,16,18,9,6,7,23,17,25,6,9,13,8,6
such,5,7,3,3,1,6,1,4,3,2,0,3,4,5,10,6,3,1,2,4,0,1,3,9,7,4,4,9,3,2,4,5,4,5,4,3,3,7,4,4,0,4,6,2,3,4,3,5,5,7,2,3,2,7,6,7,5,3,6,13,6,10,12,5,5,5,2,5,9,3,13,8,2,4,12,4,13,6,8,12,7,2,6,2,0
law,0,0,1,0,0,0,0,2,2,0,1,2,0,3,0,0,0,0,1,2,0,0,1,4,0,0,0,1,1,1,0,0,1,0,9,0,0,1,2,0,0,2,1,3,0,4,0,1,0,0,2,2,1,2,1,5,0,0,7,20,0,15,8,0,0,0,0,0,0,0,1,1,0,6,1,0,0,0,11,2,5,0,0,2,0
a,37,27,28,33,14,46,35,48,35,48,48,37,51,75,58,69,47,26,69,37,30,25,64,98,24,51,44,53,30,33,50,38,24,36,44,45,45,44,49,53,35,44,49,24,30,66,47,67,45,55,64,27,52,51,64,58,23,48,38,87,22,139,72,68,46,47,29,13,16,9,32,78,37,56,92,53,53,81,50,93,43,20,42,35,35
so,2,4,2,4,1,5,5,4,1,7,3,7,1,9,6,4,6,3,2,3,4,3,7,9,1,4,1,10,2,1,8,2,7,1,3,3,7,1,4,6,2,5,7,7,6,2,4,11,5,1,5,3,6,2,4,7,1,4,5,5,1,7,6,5,5,5,5,4,5,3,12,4,6,8,7,8,13,9,8,6,6,1,2,4,5
over,3,2,3,0,1,2,3,0,3,2,0,0,5,2,4,1,0,0,2,1,6,0,0,1,1,0,0,0,0,2,5,0,2,1,1,1,0,2,3,3,1,2,0,0,1,0,2,0,2,1,4,0,0,2,3,1,2,1,1,1,0,1,1,1,2,2,0,0,1,0,1,6,1,0,3,4,0,1,1,5,3,4,2,3,4
years,2,1,1,0,2,0,9,3,0,8,0,0,2,4,6,0,0,0,0,0,0,0,0,0,0,1,0,3,0,0,0,0,0,0,0,0,0,0,3,0,0,0,0,1,0,5,0,0,3,0,1,0,0,0,1,0,1,0,0,0,0,0,0,0,0,0,0,1,0,2,0,0,1,0,2,6,0,5,1,0,0,0,0,0,1
still,0,1,0,2,0,1,2,0,1,3,0,2,1,3,1,2,0,1,7,0,1,0,2,1,1,1,2,2,1,0,0,1,0,0,0,2,1,1,0,2,1,2,1,1,0,1,2,1,1,1,0,0,2,0,0,1,1,4,2,3,0,4,0,2,0,2,2,0,0,0,2,0,2,4,1,0,2,1,2,1,1,1,2,3,2
its,9,13,2,8,3,4,6,2,2,0,5,3,7,3,17,6,8,2,8,17,6,10,12,18,12,4,9,4,16,9,6,24,8,3,13,11,3,17,15,11,3,4,4,3,3,7,0,8,3,7,9,3,7,6,6,13,2,2,10,10,4,21,7,6,10,5,5,1,9,4,0,9,8,7,6,20,4,15,9,15,6,6,6,10,9
might,1,1,0,6,3,4,3,3,4,1,4,1,8,3,5,7,2,0,0,2,3,2,2,10,0,1,8,1,2,3,1,5,5,9,4,4,4,5,6,6,4,9,10,3,8,2,1,3,8,11,10,8,5,11,6,2,2,4,1,7,1,11,2,1,1,2,0,0,2,6,0,0,1,1,6,2,1,3,5,5,12,2,0,1,3
then,2,1,1,0,0,2,1,1,1,2,1,1,0,2,2,2,0,0,0,0,0,0,0,1,0,0,2,3,0,2,0,1,0,2,1,1,0,1,0,1,1,0,1,1,0,0,0,1,1,1,0,0,1,1,0,2,1,0,1,1,2,1,1,2,0,1,1,1,0,2,0,2,0,1,2,3,4,2,1,0,0,2,0,2,0
them,2,7,5,7,8,3,4,7,10,4,10,6,5,5,5,6,6,1,4,6,8,2,3,3,6,6,8,2,2,5,12,2,8,8,1,4,9,10,7,10,2,5,10,0,4,7,3,6,3,5,5,1,5,4,5,11,1,12,6,16,4,21,5,1,11,5,4,8,12,11,12,8,4,10,17,6,9,10,8,10,6,11,5,6,6
nation,0,1,0,3,0,0,0,1,0,1,3,1,0,4,0,4,2,0,1,1,2,0,0,6,1,2,1,2,0,0,2,1,1,0,0,1,0,0,1,0,0,2,2,0,0,4,2,1,0,4,1,0,2,1,0,0,0,1,1,2,0,0,2,2,1,0,4,2,1,2,2,0,0,0,0,5,0,5,2,0,2,0,2,0,0
they,12,9,7,5,7,2,5,12,11,16,4,15,10,8,6,10,8,3,15,15,7,6,7,15,4,5,9,12,5,8,7,10,10,4,9,7,21,7,8,13,11,6,17,4,8,1,12,30,17,10,14,2,3,9,5,20,4,7,8,11,10,29,22,9,13,20,22,5,17,11,32,11,17,14,22,10,28,15,6,12,15,1,14,8,11
not,6,4,4,13,10,9,11,19,18,14,11,15,14,17,26,20,6,5,16,20,4,14,8,25,11,13,8,23,2,8,9,7,12,15,13,15,19,14,13,13,8,18,22,13,11,11,16,15,7,13,13,4,12,14,6,18,8,14,15,26,13,36,30,20,12,13,10,13,14,8,20,14,13,19,32,22,19,18,22,26,16,10,20,12,13
now,3,0,2,0,0,0,0,0,0,2,0,1,1,2,1,1,1,0,2,1,0,0,3,1,1,3,0,0,0,0,0,0,0,2,0,1,1,1,0,1,1,0,0,1,0,1,1,2,0,0,1,0,2,0,1,3,0,0,1,6,1,7,8,3,1,2,3,0,0,0,1,0,2,0,2,2,2,4,0,1,2,0,1,0,0
nor,0,4,0,1,1,2,0,0,2,3,0,2,1,1,3,0,1,1,4,2,0,0,2,2,1,1,1,1,0,0,1,0,0,0,5,0,1,0,3,0,0,0,0,1,1,2,0,0,0,2,7,0,3,1,3,2,1,3,1,4,1,2,2,4,5,3,1,1,1,3,1,2,0,2,2,4,3,2,1,2,0,0,0,4,2
articles,1,1,1,0,0,0,0,1,0,1,0,0,0,0,0,3,1,0,0,0,0,0,3,1,0,2,1,0,0,0,0,3,0,4,0,0,2,2,0,0,0,0,0,0,0,0,0,0,0,0,0,0,0,0,0,0,0,1,3,0,0,1,1,0,0,0,0,1,0,0,1,0,0,0,2,0,13,4,11,2,5,2,0,0,0
each,2,2,4,3,3,11,0,3,9,1,8,4,2,6,2,7,4,4,5,1,2,0,4,4,2,1,2,0,3,3,0,0,1,1,0,3,3,8,5,1,4,0,2,1,2,1,4,0,0,0,4,2,0,1,2,4,0,4,2,3,1,5,2,3,2,1,5,0,4,6,1,4,1,5,1,6,2,1,7,5,1,4,3,6,4
found,3,1,1,1,0,2,1,1,1,2,2,2,1,1,2,0,3,0,4,3,0,1,1,4,2,2,0,2,0,3,0,1,2,1,0,1,1,0,1,1,3,2,2,0,1,1,3,1,0,1,2,1,1,3,0,0,1,3,0,4,0,3,4,1,1,1,2,1,2,1,1,6,0,1,2,3,1,1,3,3,0,1,2,0,1
side,0,3,0,4,0,0,1,2,2,0,0,0,3,0,2,1,1,1,0,0,1,2,0,0,1,3,0,0,1,0,0,0,3,1,1,2,0,2,1,1,1,1,0,0,0,0,0,2,1,0,0,0,0,0,0,0,0,2,1,1,0,1,1,0,0,2,2,0,1,0,0,2,3,3,1,1,0,1,1,8,0,5,7,0,1
our,0,0,2,2,0,0,2,4,4,7,0,2,0,4,2,35,5,0,20,2,2,3,1,12,7,12,10,5,0,2,6,3,2,0,1,6,3,2,0,0,0,0,2,1,1,1,4,1,0,0,2,0,2,2,0,2,2,5,1,4,1,6,5,5,5,0,4,0,18,7,9,8,12,6,3,2,1,6,2,1,1,4,0,0,3
out,3,2,2,2,0,0,0,0,0,1,0,0,0,3,2,0,1,1,1,0,1,1,1,0,0,1,0,2,2,0,2,4,1,1,0,2,1,1,0,0,0,1,0,1,2,1,3,2,0,1,0,2,1,4,1,3,1,0,3,5,1,3,1,2,2,0,0,1,2,0,0,0,0,1,2,1,4,1,2,1,0,0,1,0,2
given,0,2,0,0,2,1,0,2,1,1,2,0,0,1,2,1,0,1,0,1,1,1,0,3,0,1,2,0,0,0,0,0,0,0,1,0,0,1,0,0,2,1,0,1,1,2,0,1,1,0,2,1,1,1,2,0,0,0,0,3,0,0,5,1,1,0,1,4,3,1,3,1,0,0,1,2,2,2,2,1,2,1,0,0,0
york,1,1,1,1,1,1,1,1,2,2,1,4,1,1,1,1,1,2,1,1,1,1,3,3,1,2,4,2,1,2,2,1,1,1,1,1,3,1,1,1,5,1,2,2,1,16,1,3,1,1,1,1,1,1,1,1,2,6,1,2,2,5,3,2,1,2,1,1,1,1,1,1,1,1,1,3,4,2,1,1,1,1,1,2,1
members,13,11,2,4,7,4,1,7,1,7,3,3,4,1,4,0,0,0,5,5,0,0,3,2,2,0,5,0,4,0,0,3,2,0,0,1,1,4,6,2,5,1,4,1,0,1,2,2,1,0,3,0,10,1,1,0,0,0,4,2,0,0,1,0,0,5,2,0,1,0,2,0,3,0,0,2,2,1,5,5,4,6,11,17,3
could,2,2,2,3,0,1,0,2,2,2,0,1,1,0,4,3,2,0,3,13,1,1,5,3,0,4,3,7,0,2,3,6,2,4,2,8,1,3,6,7,3,5,4,2,2,5,0,0,0,7,2,1,2,7,6,1,1,2,2,5,1,6,1,1,3,3,1,1,2,0,2,2,1,6,6,3,6,7,0,7,3,1,7,0,1
place,0,3,3,2,3,5,3,3,1,1,0,5,4,1,1,0,0,0,3,1,1,0,0,2,1,0,0,3,3,2,1,0,2,0,1,0,4,0,3,1,2,0,1,2,3,2,2,0,0,1,2,2,2,2,0,2,1,0,1,5,2,1,5,3,2,2,1,1,1,1,2,3,4,1,3,0,0,3,0,0,5,1,2,1,1
first,1,3,1,1,3,6,7,1,0,5,0,3,4,7,5,1,0,0,5,2,1,1,0,5,2,2,1,2,0,0,1,1,1,5,3,0,3,7,3,1,0,3,2,4,2,3,0,8,2,5,2,1,0,3,1,3,1,1,4,3,3,2,6,5,4,1,1,3,0,1,2,7,1,3,6,5,2,6,0,2,8,2,3,1,2
number,1,1,0,4,1,2,0,0,6,19,8,4,19,3,2,2,2,4,3,0,1,2,2,11,0,0,1,3,0,0,0,0,0,0,1,1,4,2,0,0,1,1,2,0,6,3,1,7,0,0,3,0,8,3,4,1,0,0,1,0,2,1,11,4,1,0,4,3,2,1,1,15,2,1,7,1,1,0,1,2,0,4,5,1,2
one,6,9,4,4,4,4,4,7,7,9,5,10,5,6,9,5,5,8,1,2,2,4,1,10,3,8,2,5,2,4,4,5,2,4,2,8,5,6,4,6,3,6,5,3,7,11,3,9,8,4,8,3,5,10,4,7,1,4,5,10,9,18,5,8,6,12,10,8,13,10,4,8,2,6,13,13,9,8,7,13,5,4,9,17,8
another,3,3,2,0,0,1,2,1,5,3,2,1,1,7,0,3,1,3,0,0,0,1,2,2,0,0,0,2,0,1,2,1,2,4,1,0,2,3,0,2,0,2,2,1,1,0,1,2,2,3,1,0,4,2,0,1,0,2,5,4,2,5,6,1,1,3,0,0,1,4,1,1,1,1,10,0,0,3,6,0,4,2,1,4,0
little,2,2,1,1,1,5,3,3,3,1,5,1,1,3,2,3,2,1,3,1,0,1,1,3,0,2,3,0,1,0,3,2,0,0,0,3,1,1,1,3,2,1,3,1,2,0,1,2,2,0,1,2,1,3,1,0,1,1,1,1,0,5,1,3,4,1,1,2,1,0,0,2,1,1,3,0,2,1,2,1,0,1,3,0,1
system,2,3,0,0,0,4,1,0,1,0,0,1,0,2,0,4,1,1,2,1,1,1,1,7,4,0,2,1,0,4,0,5,0,0,0,1,2,3,3,0,0,0,0,1,2,1,1,1,1,2,1,0,0,0,1,0,1,1,2,1,2,5,7,3,2,0,0,0,1,0,3,0,2,0,4,1,4,1,1,2,3,4,1,2,0
their,23,11,20,14,13,7,9,4,12,16,9,23,13,13,16,11,14,1,7,12,10,14,8,23,8,13,11,10,6,13,14,8,10,4,5,10,19,14,10,14,5,5,14,5,12,6,13,22,14,12,8,2,2,7,12,32,12,18,6,11,6,16,29,7,16,14,21,11,19,11,21,21,19,23,25,16,35,13,12,10,9,7,29,1,14
too,2,0,1,3,0,1,3,0,1,1,1,1,3,1,0,3,3,3,2,1,4,3,3,1,1,3,4,6,0,2,1,1,2,0,0,4,2,3,0,1,0,1,5,3,2,0,2,5,2,3,6,1,1,2,2,1,2,2,1,5,0,5,2,3,2,2,1,1,2,0,3,8,0,1,0,0,0,3,3,2,2,3,6,2,0
interests,1,0,0,0,0,7,0,0,2,1,10,1,1,2,1,4,4,1,3,0,3,2,0,4,5,0,0,0,1,0,1,1,0,0,0,1,8,2,1,1,1,0,3,0,0,0,2,4,3,1,0,0,2,2,0,0,1,1,1,0,0,0,2,4,0,0,1,3,3,5,5,14,1,5,1,0,2,0,0,1,2,0,4,0,0
that,21,13,9,21,12,25,30,24,28,32,18,31,33,35,50,24,27,18,38,16,21,28,24,53,28,33,31,42,38,20,30,31,30,32,32,43,37,42,29,46,32,24,36,16,20,46,22,35,22,19,40,13,35,39,32,68,19,27,25,49,19,121,84,34,18,25,44,20,17,23,46,31,33,47,56,28,63,42,32,50,28,30,39,36,27
part,1,4,0,2,0,2,4,3,4,1,4,2,1,3,5,8,4,2,6,0,1,1,2,6,1,1,2,1,1,5,2,0,2,1,1,5,4,2,4,1,2,1,3,1,1,3,3,2,1,4,2,3,5,0,3,1,1,7,2,7,2,4,4,7,2,3,0,2,2,1,0,1,0,4,3,1,5,9,2,3,8,1,6,2,3
than,7,3,5,1,0,3,0,7,4,15,6,10,5,7,8,6,4,10,10,4,5,11,4,11,0,4,4,5,7,3,2,3,6,1,1,3,8,6,7,7,12,5,7,5,6,12,6,14,5,7,14,2,8,8,6,10,7,5,4,6,3,16,16,5,3,1,5,8,9,9,2,13,5,5,11,8,5,13,4,10,8,9,11,5,4
nations,0,2,1,0,0,0,0,3,0,1,0,0,1,3,4,6,3,2,3,0,0,0,2,2,2,4,4,0,0,2,0,2,0,0,0,3,0,2,0,0,0,0,0,0,0,0,10,1,0,1,0,0,1,0,0,0,0,4,4,1,0,4,0,0,5,0,0,7,9,11,2,1,2,0,0,0,0,7,7,0,0,0,0,0,0
i,1,0,1,2,5,2,5,3,4,10,0,4,5,6,11,1,1,0,5,1,2,14,2,2,4,5,1,2,4,0,4,1,2,10,5,2,5,11,3,6,5,1,6,7,1,6,2,10,1,2,2,3,5,4,9,5,3,0,3,11,9,22,18,31,1,8,4,3,0,1,0,3,2,1,5,0,2,5,2,2,4,3,4,6,8
were,16,5,0,2,1,4,10,4,6,6,2,2,2,0,5,2,0,0,8,7,4,1,2,9,1,0,1,7,0,2,6,1,0,2,4,1,4,1,2,2,0,1,3,0,2,3,5,7,3,4,3,2,0,3,2,1,0,9,2,3,1,2,7,2,0,11,7,1,1,6,0,0,3,3,10,6,19,6,4,1,2,6,3,7,4
powers,4,8,3,2,0,3,0,0,0,1,0,0,0,2,1,2,1,0,4,2,3,0,1,5,9,4,0,1,2,0,2,0,4,2,12,0,0,2,1,0,0,1,1,0,1,2,0,1,2,0,3,0,5,0,2,4,0,2,4,1,0,3,5,1,2,0,2,2,1,0,0,0,0,2,11,12,15,10,6,3,23,11,3,18,14
and,79,82,54,42,33,40,37,62,38,48,53,54,47,69,68,70,62,17,74,42,52,40,49,83,56,59,46,49,33,35,59,45,44,41,44,48,65,66,34,37,25,37,42,46,30,104,74,79,39,52,42,23,36,55,41,74,24,51,68,88,41,121,87,73,54,45,83,60,90,72,103,121,60,101,94,64,100,88,96,79,88,63,73,86,51
constitutional,0,1,4,5,2,3,0,1,0,0,0,1,4,1,1,0,0,0,2,1,0,0,3,0,1,1,1,0,1,0,0,1,2,3,3,1,0,0,1,0,0,0,0,0,1,1,0,1,1,2,4,0,2,0,0,2,0,0,4,1,0,6,2,0,0,1,0,0,0,0,1,0,0,0,2,1,0,1,0,4,2,1,0,2,5
manner,1,0,0,0,0,1,1,0,2,1,0,0,0,1,0,1,0,1,1,1,0,0,0,1,1,0,1,0,1,0,1,1,1,0,1,0,0,1,1,4,1,0,0,0,3,1,0,2,0,1,0,0,0,0,5,3,0,0,2,5,1,6,1,1,0,2,1,0,1,1,3,0,0,0,2,2,2,1,4,0,1,1,0,2,0
have,5,11,10,5,12,3,19,7,16,6,8,11,18,7,21,15,13,4,31,12,4,10,9,14,11,12,11,16,5,11,7,11,11,5,13,16,9,23,22,8,12,17,13,21,14,17,27,29,9,7,15,5,16,20,13,19,6,23,19,23,7,54,27,23,18,24,17,7,9,1,19,16,17,26,21,3,26,26,20,21,33,17,15,14,10
any,2,6,0,3,5,1,7,6,7,8,5,5,5,6,9,4,7,3,3,11,2,6,6,7,9,6,4,10,8,2,6,8,5,6,7,8,8,10,11,12,5,3,7,3,8,6,0,13,7,2,12,3,2,6,6,9,8,7,7,15,1,16,32,12,2,4,1,5,5,3,8,4,3,3,9,4,2,6,11,8,15,4,6,5,1
latter,3,0,0,1,0,4,1,0,2,3,1,0,6,2,6,1,1,0,0,1,2,1,0,0,0,1,1,2,1,0,2,1,4,1,1,2,0,2,1,3,1,3,2,1,1,1,1,1,1,0,2,0,2,0,0,4,2,1,2,4,5,5,5,1,1,1,1,1,0,0,1,5,2,3,5,3,3,3,6,3,3,9,4,4,1
officers,1,0,1,0,0,0,0,0,0,0,0,0,0,0,1,0,0,0,0,0,0,0,0,0,0,0,0,0,1,0,4,0,0,0,0,0,0,5,0,0,0,2,0,6,0,2,0,0,0,0,0,1,0,3,3,1,1,0,0,0,0,4,4,0,0,1,1,0,1,0,0,0,0,0,1,2,0,0,1,0,4,9,5,9,0
also,0,0,2,1,1,1,2,4,1,1,1,1,1,1,3,1,1,1,0,0,0,0,0,1,0,1,1,0,0,0,0,0,0,0,0,0,0,0,1,0,1,1,2,0,2,2,0,0,1,0,1,2,1,1,2,1,0,0,1,0,0,2,4,2,1,1,2,3,2,2,2,0,1,3,3,1,3,1,0,3,2,2,1,9,1
take,1,3,0,1,0,1,0,0,2,1,0,1,2,0,0,1,0,3,0,1,0,1,1,1,1,1,1,1,0,2,2,0,1,0,1,1,5,0,1,0,2,0,1,1,1,3,1,2,1,0,1,1,2,0,1,1,0,0,0,1,1,1,0,1,0,1,1,0,0,0,0,1,1,1,1,0,1,3,0,1,0,0,0,0,1
which,12,31,13,20,9,14,21,23,25,29,19,30,27,32,36,25,23,11,55,22,24,18,20,36,31,15,15,21,19,14,16,20,20,23,22,27,22,27,18,16,12,24,15,26,15,20,21,27,19,20,20,11,17,21,15,33,12,24,44,41,18,79,53,42,26,25,11,11,10,10,14,39,40,44,26,27,31,36,27,34,30,17,23,22,28
measures,1,0,0,1,5,0,0,0,0,0,0,1,3,3,10,0,1,0,4,0,0,0,0,2,1,0,0,2,0,2,0,1,0,0,1,0,1,0,0,0,0,0,1,0,0,2,0,3,1,4,1,0,0,1,1,0,0,0,0,0,1,0,1,0,0,0,3,0,0,1,3,1,0,2,1,0,1,0,2,1,1,1,4,0,3
most,4,6,0,4,1,0,3,8,1,4,2,9,7,7,8,5,4,2,3,5,3,2,2,12,7,7,6,1,4,0,4,3,4,2,2,2,5,7,2,4,4,10,4,1,6,5,3,11,1,8,1,3,2,5,3,2,2,1,5,3,5,12,10,1,6,5,4,5,1,5,11,15,9,10,9,9,6,4,3,3,0,5,7,2,4
nothing,0,1,1,0,0,0,0,0,0,2,0,1,1,0,1,1,2,1,3,0,1,3,2,3,0,1,0,1,0,0,1,0,0,0,2,1,2,2,1,0,1,1,0,1,1,1,0,2,0,1,0,0,1,1,0,7,1,3,1,2,0,2,6,2,1,0,1,1,1,2,0,1,0,0,0,0,0,3,1,2,1,0,0,0,0
constitution,2,3,5,4,7,3,4,6,10,5,0,4,10,5,6,0,0,0,4,5,0,8,3,4,3,1,4,2,3,1,4,3,2,4,12,1,1,3,5,3,5,2,4,6,2,7,1,5,3,1,4,1,1,2,3,22,4,1,10,13,4,13,27,13,4,3,0,0,0,0,6,2,2,5,12,14,12,18,4,17,19,4,1,23,10
considered,0,1,0,1,0,0,2,1,6,0,1,0,1,2,4,1,0,0,1,1,0,1,1,2,0,1,1,0,1,1,0,1,0,0,1,1,0,3,1,0,1,1,0,2,0,1,0,2,0,2,0,0,0,2,0,1,1,1,0,0,1,4,1,1,0,0,2,0,0,0,2,0,0,2,0,2,1,2,1,2,1,1,0,1,1
principle,1,3,1,3,0,4,1,1,6,0,2,2,2,0,2,0,0,1,5,5,3,0,4,3,1,1,1,0,0,2,0,3,0,0,0,2,0,0,3,1,0,0,5,0,0,0,1,0,3,1,0,0,1,0,0,2,0,3,3,1,0,0,0,0,0,6,0,0,0,0,1,1,3,0,0,3,1,0,0,5,2,0,0,2,0
laws,5,2,0,1,0,0,0,7,6,0,7,2,1,5,1,0,3,0,5,3,0,0,3,6,2,0,1,0,8,1,4,0,2,1,16,0,1,5,0,1,1,0,0,0,0,4,0,1,1,0,7,1,4,0,1,11,0,1,13,8,4,7,1,1,1,0,0,4,0,0,7,0,1,4,2,0,0,0,6,1,9,0,0,1,1
treaties,1,0,3,0,0,0,0,1,0,0,0,0,0,0,0,0,0,0,1,0,0,0,0,4,0,0,0,0,0,0,0,0,0,0,1,0,0,0,0,0,0,0,4,0,0,7,0,0,0,0,0,0,12,0,1,0,0,0,3,0,0,2,1,0,0,0,1,5,1,2,21,0,0,0,2,0,0,0,6,1,2,1,0,1,0
judges,0,1,0,1,0,1,0,0,0,0,0,0,0,0,0,0,0,0,0,1,0,0,0,1,0,0,0,0,0,0,0,0,0,0,0,0,0,0,0,0,0,6,5,1,0,2,0,0,0,0,3,0,0,1,0,14,9,0,1,7,0,3,2,0,0,2,0,1,0,0,0,2,0,0,1,2,0,0,0,1,1,0,0,5,1
with,12,21,8,11,5,6,11,11,12,11,15,3,13,13,16,22,18,10,19,13,10,6,15,20,16,5,8,9,6,9,12,12,11,5,5,12,12,14,10,7,7,12,23,12,8,19,11,19,14,10,15,4,15,9,6,12,4,12,11,14,6,30,14,8,13,14,13,10,12,11,14,11,7,17,22,12,15,16,16,17,18,15,18,20,8
should,1,0,0,2,1,9,4,0,4,1,0,0,2,2,2,3,4,0,6,6,2,1,5,8,2,6,6,6,2,9,8,4,6,3,4,6,10,5,1,5,7,3,5,1,5,6,2,7,6,0,7,2,0,2,2,5,2,7,4,8,5,9,1,4,5,5,4,4,1,4,14,0,2,10,10,1,12,1,0,12,4,3,9,2,6
only,3,1,2,4,0,3,6,4,3,1,5,3,5,2,11,5,0,0,8,3,0,0,2,1,0,4,2,5,4,2,4,1,3,4,5,3,2,2,2,1,4,1,3,5,2,7,1,4,2,1,3,1,4,3,4,7,3,1,2,6,5,9,9,1,2,3,5,4,4,4,10,2,4,10,2,6,5,6,7,6,4,1,6,2,1
local,0,2,0,0,0,0,0,2,0,1,10,0,2,0,0,1,0,0,1,1,4,1,0,2,1,0,2,0,0,0,0,0,1,2,1,1,0,8,2,1,3,0,0,0,0,0,0,0,0,0,0,0,0,0,1,0,0,1,1,4,2,1,1,2,0,2,0,2,0,2,0,5,0,4,1,3,0,0,0,3,2,4,5,0,0
do,0,1,0,3,1,0,0,0,0,2,3,0,1,0,1,2,0,1,5,2,0,1,2,2,0,2,1,0,0,1,3,0,1,0,2,0,1,1,1,0,1,0,1,0,1,3,0,2,1,0,2,0,1,1,1,3,1,0,1,1,1,4,4,1,0,0,0,1,2,0,2,0,0,1,3,0,5,2,1,2,2,0,1,1,0
his,8,17,12,3,0,0,3,3,9,0,2,4,1,9,0,1,2,0,1,0,7,0,2,7,0,5,0,6,3,0,2,2,0,0,0,0,10,0,0,0,1,12,0,5,6,16,3,13,19,35,25,1,8,19,6,2,2,0,2,0,0,1,4,7,0,4,0,2,2,0,1,8,0,5,18,1,3,3,1,0,2,1,0,11,3
means,1,0,1,1,1,2,2,5,1,4,0,3,1,1,3,2,3,0,1,3,0,0,1,1,3,0,3,1,0,3,1,3,5,0,3,2,0,1,1,1,0,1,0,0,1,1,1,0,2,0,1,0,0,0,0,1,0,0,1,1,0,0,2,0,3,5,0,1,2,0,1,3,0,1,2,0,5,5,0,0,4,1,4,1,1
cannot,0,0,1,0,1,1,3,1,0,4,2,4,3,2,4,0,4,0,2,0,2,1,3,0,3,0,1,1,2,2,1,1,4,1,1,3,0,4,1,2,1,0,2,2,1,2,0,1,1,0,1,0,1,3,4,2,0,0,2,4,1,7,4,3,2,0,0,1,3,3,0,2,1,4,2,1,1,7,1,4,0,3,0,2,0
magistrate,1,1,1,0,0,2,0,0,0,0,1,0,0,0,0,0,0,0,0,1,0,0,0,0,0,0,0,1,0,0,2,0,0,0,0,0,0,0,0,0,0,0,1,2,2,6,0,5,4,7,6,3,5,3,3,0,0,0,0,0,0,1,0,0,1,0,0,1,1,0,0,0,0,0,1,3,1,0,0,0,0,0,0,9,2
him,1,6,0,0,0,0,0,0,0,0,1,4,0,2,0,0,0,0,0,0,0,0,0,2,0,1,0,1,0,0,1,0,0,0,0,0,1,0,0,0,0,0,3,2,3,4,2,5,3,7,7,2,3,3,6,0,1,0,0,0,0,0,2,4,0,2,0,1,1,0,0,1,0,0,3,0,0,0,0,0,0,0,0,4,1
common,3,8,0,1,1,3,1,0,1,1,0,2,1,3,1,2,0,0,5,3,2,0,3,1,7,1,4,1,3,2,2,1,0,0,0,1,3,2,0,2,0,1,0,0,0,0,1,2,0,0,2,2,3,0,1,0,0,4,0,2,0,7,2,1,0,2,1,0,1,1,0,6,2,1,1,0,1,7,3,2,0,1,6,0,0
though,4,2,1,0,0,0,0,0,2,1,0,0,1,1,1,0,0,0,2,0,1,0,1,5,1,2,4,1,2,0,1,5,3,0,3,2,1,2,2,1,0,2,2,1,2,3,3,5,2,1,2,1,5,3,2,4,0,0,2,6,2,4,2,2,3,1,0,0,0,0,1,0,1,1,1,2,1,2,3,1,0,1,2,9,0
where,1,1,3,0,1,2,1,6,0,4,1,1,3,1,3,0,3,0,2,0,0,0,2,5,0,1,1,2,0,1,1,0,1,5,0,2,4,3,4,2,2,2,2,0,0,0,0,2,0,4,0,1,3,1,1,4,1,0,5,3,4,7,4,0,1,0,0,0,0,0,2,2,2,1,0,1,2,4,7,3,1,0,3,3,5
national,0,2,0,1,0,0,0,1,0,0,0,0,0,5,5,4,4,4,9,9,8,1,6,6,6,1,7,7,5,7,5,10,8,5,4,3,4,10,12,11,3,1,3,3,2,7,4,3,0,0,0,0,1,0,0,0,0,2,11,11,11,6,7,7,2,2,3,14,7,0,7,3,2,1,1,27,7,2,0,2,1,1,6,0,0
are,2,17,13,15,4,9,8,19,15,13,12,26,7,15,12,9,15,4,22,3,5,12,8,18,18,10,14,6,10,6,10,7,18,2,8,19,15,17,6,12,9,8,4,7,4,6,18,21,5,7,8,3,7,5,6,13,6,7,21,15,11,43,33,13,14,14,6,8,11,3,25,27,7,18,19,20,13,15,9,15,13,7,13,26,6
best,1,0,0,0,0,3,3,1,1,0,1,0,0,3,1,0,3,0,1,1,0,0,0,1,1,0,0,1,1,0,1,0,0,0,0,0,1,4,0,1,0,3,0,0,3,0,0,3,1,5,0,0,1,2,2,1,0,0,0,1,0,3,0,3,0,0,1,2,2,1,3,1,1,0,2,0,0,1,0,0,0,0,2,0,0
subject,0,4,0,1,0,1,2,5,2,1,2,1,5,2,4,2,4,1,3,0,1,4,2,2,2,4,1,2,0,1,2,1,3,1,1,2,1,1,1,1,3,2,0,1,0,1,2,2,0,2,2,1,3,1,3,1,1,3,2,6,0,9,7,3,4,2,3,0,0,1,1,1,3,2,2,4,2,7,6,3,4,1,2,6,2
federal,6,2,4,0,0,5,8,9,10,6,7,6,5,3,6,1,1,0,5,3,3,1,3,4,7,1,4,1,4,3,6,3,6,1,4,3,2,7,6,4,3,0,0,0,1,1,0,0,0,0,0,0,0,2,0,1,0,3,12,8,12,7,2,0,0,2,2,2,0,0,0,1,1,1,5,21,2,3,5,11,10,17,26,2,0
state,1,1,3,2,6,7,9,8,16,7,21,13,6,6,6,5,12,4,6,9,10,6,14,8,3,5,8,7,9,13,5,6,10,10,10,12,5,25,19,14,13,4,4,6,10,10,6,7,2,2,4,2,4,3,6,3,4,8,23,26,18,33,27,11,7,7,1,8,6,2,3,3,2,5,8,12,6,3,21,26,22,18,31,7,5
between,2,4,1,1,0,2,2,7,0,5,0,4,3,4,2,4,5,1,2,3,4,0,4,5,2,4,2,5,2,0,1,3,1,1,0,6,7,5,2,5,1,2,2,1,0,5,7,6,2,1,1,0,1,3,0,6,2,8,26,4,2,9,2,3,2,3,0,0,2,3,0,3,4,5,0,2,2,1,3,5,2,2,0,0,1
never,3,0,3,1,1,0,0,0,0,1,0,0,1,0,3,0,1,1,1,1,1,1,0,3,1,1,1,1,0,1,1,1,0,0,0,0,4,1,4,4,3,1,1,0,1,1,2,1,0,1,1,1,0,0,1,3,3,0,2,2,0,2,2,1,0,1,1,1,2,0,0,2,3,3,2,0,2,4,0,1,0,0,0,3,3
nature,0,1,2,4,0,4,0,0,0,1,0,4,0,2,0,2,2,0,3,1,5,1,6,3,1,1,1,1,1,1,0,0,4,0,3,1,1,5,0,1,1,3,2,1,1,0,1,0,1,1,1,0,1,2,0,5,1,0,1,3,1,6,1,1,1,1,0,0,1,0,1,2,2,7,2,0,0,0,1,7,0,0,1,2,4
however,2,0,2,2,1,1,0,0,1,0,3,2,2,2,3,0,0,1,1,0,0,3,1,2,2,3,1,1,1,1,0,1,1,1,1,2,1,1,1,3,1,0,0,0,0,2,1,2,2,0,0,0,1,0,2,1,0,1,0,1,0,5,2,4,1,3,2,0,1,0,2,3,2,4,4,1,1,0,1,0,0,1,2,2,2
article,0,0,1,0,0,0,2,0,2,1,0,0,0,0,0,0,3,0,0,1,0,0,1,1,0,1,0,2,0,0,0,0,1,7,4,2,1,2,3,0,0,0,0,3,0,5,0,0,1,0,1,0,1,0,2,0,2,1,0,2,0,2,6,2,0,0,0,0,0,0,1,0,0,0,0,0,0,3,3,4,3,0,0,1,0
both,1,0,1,0,0,2,1,3,2,1,2,1,1,3,0,0,3,0,0,0,2,0,0,1,2,0,0,2,0,0,0,2,0,1,1,1,1,1,2,0,2,2,1,0,0,3,1,2,3,0,2,1,0,2,1,3,1,0,0,10,1,3,2,0,0,0,1,0,0,1,7,5,0,1,6,3,1,4,4,4,1,1,5,4,3
last,3,2,1,2,1,0,2,1,0,1,0,4,0,2,1,0,0,0,4,0,1,0,1,5,1,0,0,0,0,0,0,0,0,3,2,4,2,0,3,0,0,1,2,2,0,1,1,2,1,1,1,0,0,2,0,4,0,0,2,5,2,3,1,0,1,0,0,0,1,0,0,0,0,1,0,2,0,0,1,0,3,2,3,3,1
always,1,0,1,1,0,0,1,0,0,1,0,1,0,1,0,0,1,0,2,4,2,1,2,3,0,0,2,3,0,1,1,1,2,0,1,2,5,1,3,0,0,1,2,0,1,1,0,2,3,1,0,1,1,2,1,1,0,0,1,0,0,3,0,1,3,0,1,4,0,1,2,2,0,0,0,0,0,2,0,0,1,0,1,1,0
country,0,0,1,0,0,1,1,1,0,2,0,2,1,1,1,5,6,0,2,1,0,2,4,1,3,1,3,5,0,2,2,3,0,0,0,1,2,1,2,4,0,1,0,0,0,0,1,1,0,1,1,1,0,1,0,1,1,1,0,0,0,0,3,3,7,0,6,3,1,1,3,2,2,2,4,1,6,1,0,0,0,1,3,0,0
equal,2,0,4,2,0,1,0,0,5,1,0,0,2,4,1,0,0,0,0,2,0,0,0,6,0,0,1,1,0,0,1,2,4,0,0,1,2,0,0,2,1,0,2,0,2,2,0,6,0,2,0,1,1,2,0,1,0,2,0,0,0,0,1,1,0,1,1,0,0,1,3,3,1,1,1,2,0,1,2,2,2,0,2,1,0
against,4,6,0,9,1,8,0,2,2,4,2,5,7,4,8,1,3,1,4,6,2,2,6,1,1,6,4,6,0,8,3,0,5,1,5,6,1,2,3,1,3,3,7,2,3,3,4,7,1,0,5,2,2,2,1,3,0,1,5,6,0,6,8,5,5,4,1,3,6,5,0,5,4,1,13,1,5,14,6,15,6,5,4,1,6
foreign,2,7,7,0,0,0,0,3,0,3,0,1,0,3,3,4,3,1,4,1,0,1,0,8,1,0,2,1,0,1,0,1,1,0,0,1,0,0,1,0,0,0,2,1,1,4,2,1,0,1,0,0,8,0,0,0,0,3,4,0,0,2,5,1,1,0,1,2,3,9,1,1,2,0,0,0,1,8,13,4,3,2,1,1,0
whole,2,1,1,2,0,3,1,0,1,4,3,3,4,0,5,0,1,2,1,1,1,0,1,4,1,2,2,1,2,2,2,0,1,1,1,0,0,0,1,1,0,4,1,0,2,1,0,4,0,0,0,0,3,1,0,2,0,3,2,1,3,2,2,3,1,0,0,1,6,1,3,5,5,0,2,3,0,1,2,3,2,2,3,4,1
among,5,7,2,3,0,3,2,3,1,3,3,0,3,3,1,1,1,0,4,0,1,1,2,3,0,2,1,1,0,1,0,0,2,0,0,0,3,0,1,0,0,0,0,0,0,0,3,1,0,1,0,0,0,1,0,3,0,3,4,0,0,1,3,2,0,0,2,1,0,0,0,1,4,4,4,2,0,6,3,8,3,1,1,3,1
point,0,0,2,0,0,1,0,2,1,2,0,1,2,3,1,1,1,0,2,1,0,1,0,2,2,3,0,5,0,0,1,2,1,1,1,2,0,3,1,0,2,0,1,0,0,1,1,2,0,2,0,0,1,3,0,2,1,0,5,1,0,4,3,2,0,1,0,0,0,1,0,1,1,0,2,0,3,1,1,1,0,0,1,3,0
had,23,11,3,4,9,1,2,0,3,3,1,1,2,0,7,1,3,0,2,5,3,1,1,3,1,5,4,7,0,3,2,0,0,2,3,2,2,3,2,0,3,3,2,3,0,1,4,5,4,8,2,3,1,2,3,3,0,7,1,4,0,5,2,2,3,5,4,0,3,0,3,1,3,3,6,0,17,7,4,3,10,4,3,3,10
period,1,0,0,0,4,0,4,7,0,2,0,0,0,2,2,1,0,0,0,0,1,0,0,0,0,1,0,3,0,0,0,0,0,0,0,1,0,1,2,0,1,0,0,0,0,0,0,0,3,3,6,0,1,0,0,0,2,0,0,1,0,0,1,0,2,0,2,0,0,1,1,0,0,1,3,7,0,2,2,0,0,0,2,0,0
union,6,2,9,0,0,1,0,2,1,0,1,1,0,0,1,7,4,1,12,9,4,7,5,10,7,0,6,1,6,4,4,9,9,13,7,9,3,10,8,4,1,3,3,0,3,4,0,1,0,0,1,0,4,1,3,3,0,5,12,3,9,5,5,7,2,6,8,3,4,7,0,8,11,0,3,7,6,10,4,6,6,10,3,0,1
political,2,1,2,1,0,0,1,1,0,4,2,1,0,3,1,2,2,0,5,2,2,3,2,2,2,2,1,1,2,2,2,0,1,0,5,3,2,1,1,0,0,3,1,1,1,1,1,0,1,1,1,0,1,2,0,1,0,0,1,1,0,0,4,4,1,0,3,1,0,2,1,3,3,1,1,8,0,2,0,4,0,1,1,5,1
three,0,1,2,1,0,0,5,0,0,5,1,0,1,0,0,2,1,2,0,0,0,0,2,0,1,0,1,0,0,1,0,0,0,2,0,0,1,0,1,0,1,0,0,0,0,2,1,0,0,0,0,0,0,1,2,2,0,0,0,0,1,2,1,4,2,1,1,2,5,4,0,0,0,2,0,1,0,0,0,1,0,3,0,2,2
been,4,4,1,3,13,2,16,7,4,6,5,4,14,4,11,3,8,2,14,7,3,3,11,16,6,4,6,8,6,4,6,10,5,4,11,12,5,13,15,2,9,12,10,17,5,8,12,15,5,4,15,2,10,10,9,9,5,8,14,22,1,36,18,17,16,15,8,2,2,0,4,9,9,24,15,8,20,20,19,14,19,6,5,14,12
much,3,0,0,3,0,1,1,3,0,1,5,0,2,1,0,3,5,3,1,1,2,3,3,8,0,1,0,3,2,0,3,2,2,0,1,3,2,2,1,3,0,1,2,1,2,4,2,7,0,3,4,1,2,2,2,2,2,1,0,1,0,6,4,2,5,0,1,1,2,3,6,5,0,0,1,0,3,1,0,1,4,6,3,0,2
interest,2,2,0,1,0,3,1,0,1,0,1,2,3,1,1,4,1,0,5,0,1,3,0,3,0,1,0,0,1,0,0,0,1,0,1,4,8,4,4,9,0,1,3,0,0,0,5,1,1,1,2,0,1,0,0,0,0,4,1,0,0,0,1,3,0,0,2,1,3,3,0,12,0,0,1,0,0,0,3,3,0,0,2,0,0
sufficient,1,0,1,1,0,1,1,2,0,2,4,1,2,1,2,1,0,1,0,1,1,1,1,1,1,0,1,1,1,0,1,0,0,0,0,1,1,3,0,3,2,1,1,0,0,0,0,1,1,0,0,0,1,1,1,1,1,1,1,1,0,3,0,0,1,1,0,1,0,0,1,1,0,1,3,3,1,0,0,4,0,1,1,1,2
general,4,4,3,0,0,2,3,2,1,3,2,1,4,0,4,1,1,1,7,3,4,3,2,3,3,3,0,2,6,5,0,3,4,3,1,1,4,9,4,2,1,1,1,4,1,2,6,0,1,1,0,1,0,2,1,2,1,1,4,7,2,12,6,3,1,2,3,3,2,2,1,2,3,3,2,6,4,18,7,8,12,3,3,2,0
former,2,0,0,1,0,4,3,0,1,0,0,0,4,4,8,0,0,0,0,0,0,2,0,1,0,0,0,1,1,0,2,1,2,1,0,2,0,1,1,1,1,2,3,1,1,1,2,2,1,0,2,0,3,1,2,3,2,1,2,4,3,4,3,3,1,0,3,2,0,0,0,3,3,4,1,2,2,2,7,2,6,7,3,0,1
present,2,0,1,2,1,0,1,0,0,2,1,1,2,1,0,2,2,0,4,1,0,1,0,1,2,1,0,0,1,0,1,3,0,0,0,2,0,0,2,0,1,1,0,0,0,2,1,0,1,2,0,0,4,2,0,2,1,1,1,1,1,4,7,4,1,1,2,3,2,2,2,1,1,1,3,1,1,2,0,1,0,1,2,0,0
case,0,2,1,3,3,1,3,4,8,2,2,1,0,0,1,1,0,1,1,1,2,0,0,4,2,1,0,1,0,1,2,2,1,5,0,1,3,2,4,2,0,0,4,1,0,2,1,3,3,3,6,3,2,4,0,3,1,0,0,4,3,13,0,0,2,0,1,1,2,0,2,1,0,0,5,3,3,2,4,6,1,1,8,4,1
commerce,0,0,1,0,0,0,0,2,0,0,3,0,0,2,0,11,8,2,1,0,1,0,1,4,2,0,0,0,0,0,0,0,0,0,0,1,2,1,0,4,0,0,0,0,0,3,5,0,0,0,0,0,0,0,0,0,0,1,0,0,0,0,0,0,1,0,0,1,1,1,1,0,1,0,0,0,0,2,11,0,0,2,0,0,0
these,4,4,7,1,3,4,7,10,3,3,6,8,6,6,9,7,8,0,6,2,0,3,3,3,6,10,0,3,5,3,0,4,4,2,6,6,9,1,3,4,1,3,2,5,3,3,6,8,0,7,2,1,1,1,2,4,1,11,12,5,6,15,8,8,3,5,4,3,6,6,7,8,2,14,9,6,22,15,6,2,12,4,13,6,10
single,1,0,0,0,1,2,0,5,3,0,2,1,3,1,0,2,2,0,0,2,0,0,0,4,0,1,0,0,2,1,0,0,0,0,0,1,1,2,0,3,3,0,0,0,2,4,0,9,0,0,3,3,2,4,1,1,0,0,0,0,1,2,2,2,1,4,0,1,1,0,0,1,0,1,6,1,1,4,0,2,1,2,1,2,2
will,1,1,4,1,7,23,10,25,15,20,29,24,37,17,19,17,11,9,19,5,12,25,6,11,15,8,10,11,34,13,11,11,6,3,9,16,21,27,21,21,7,29,23,3,13,6,6,11,7,7,19,1,6,27,10,14,7,1,16,30,7,24,38,16,11,7,2,24,15,6,25,30,26,10,12,15,7,25,6,19,10,32,40,4,11
ought,0,0,1,6,1,1,5,6,8,5,3,1,2,9,7,1,0,0,3,1,1,0,0,7,14,5,4,5,0,0,4,4,8,0,0,10,0,6,6,1,3,6,1,0,0,2,0,3,1,3,2,3,5,4,0,7,1,0,12,7,2,6,9,1,0,1,2,0,0,0,0,2,0,3,5,3,12,7,3,7,2,1,1,5,8
many,0,2,1,2,0,2,0,2,0,3,3,8,0,7,5,0,0,2,0,1,2,5,2,3,0,0,0,1,0,0,1,0,1,0,0,1,2,1,0,0,1,1,0,0,0,0,4,2,0,0,0,0,2,0,0,0,0,1,2,2,2,5,4,4,0,0,6,4,1,3,1,6,1,6,2,4,0,1,2,2,1,2,1,2,1
is,10,16,15,18,6,20,19,28,35,25,10,34,17,37,36,9,22,9,48,14,11,13,27,48,23,10,17,25,14,14,31,15,23,16,26,16,41,35,17,28,10,17,29,18,19,53,8,49,14,24,29,11,17,22,21,49,11,14,23,61,16,116,68,38,21,16,16,7,10,7,17,41,25,30,57,57,29,38,39,34,28,23,7,43,29
it,26,19,12,26,16,32,32,18,27,17,20,26,24,31,40,21,26,6,30,37,16,20,17,46,23,23,26,43,21,18,42,29,27,24,39,23,26,35,33,42,25,33,35,20,20,30,11,38,30,22,43,14,27,29,29,54,13,17,31,64,13,102,64,41,19,24,38,21,28,21,30,47,31,37,49,44,35,52,29,57,19,19,32,22,24
itself,1,2,0,2,1,7,2,0,2,0,2,3,1,2,4,1,1,1,2,2,1,0,3,2,3,3,1,1,3,3,3,1,3,0,2,1,4,3,2,4,2,3,3,0,0,1,0,0,1,0,3,3,1,0,0,1,0,2,2,0,0,3,3,1,0,2,0,0,1,0,0,2,1,3,1,1,2,6,1,4,4,3,0,0,0
in,41,41,39,34,28,50,33,45,65,30,31,40,58,50,68,66,54,14,73,39,29,27,48,86,26,56,40,64,30,40,41,49,49,40,33,55,47,65,62,81,47,51,71,36,40,69,55,87,39,35,62,24,44,59,60,68,35,43,47,135,38,213,91,73,42,37,34,25,24,28,53,63,40,62,62,73,68,63,62,55,66,40,46,62,45
if,0,4,1,3,4,7,5,7,5,5,0,6,6,5,8,6,7,6,7,14,2,4,11,9,6,13,5,16,5,10,15,4,3,6,8,12,7,8,6,6,7,3,16,4,4,12,5,10,9,5,5,3,3,3,6,10,2,12,5,6,2,24,8,4,7,7,3,7,13,3,8,6,6,2,6,5,8,13,4,6,8,7,5,5,2
different,2,1,1,2,1,7,3,7,1,2,7,0,0,1,1,4,1,3,2,0,1,0,1,6,1,1,2,1,1,6,2,1,0,2,0,2,5,6,0,10,2,1,1,0,1,2,1,2,0,2,0,1,2,1,3,2,0,5,9,3,0,8,2,2,1,1,1,2,0,10,0,12,1,8,2,3,2,3,3,1,1,3,6,3,0
perhaps,0,1,2,2,2,3,0,3,3,0,0,1,1,2,3,1,1,0,1,1,1,1,0,0,0,0,1,0,0,0,0,1,1,1,0,1,0,0,2,1,0,1,2,1,0,0,2,1,2,3,1,0,0,2,0,0,0,2,2,2,0,3,2,2,1,0,0,0,2,0,0,1,0,0,0,2,0,1,3,1,0,1,1,0,0
make,1,1,2,0,0,0,0,0,0,0,0,1,1,0,0,2,1,0,2,1,0,1,1,1,3,0,1,2,0,4,2,0,1,0,2,1,2,5,1,1,0,0,4,4,2,3,0,2,3,4,2,0,3,5,0,0,0,2,2,2,0,1,5,2,5,1,0,0,4,1,8,1,1,1,7,0,1,2,2,2,3,0,1,1,0
administration,2,0,1,1,2,1,0,0,0,0,0,1,0,0,1,0,1,1,2,0,4,0,0,2,2,0,0,0,1,0,0,1,0,1,0,1,2,2,0,1,0,1,1,0,3,1,1,4,1,7,0,0,0,3,5,2,0,0,0,0,0,0,3,1,0,2,0,1,0,0,0,1,2,1,2,0,0,0,2,0,0,1,3,1,1
same,6,0,3,4,9,5,5,2,7,3,4,4,3,1,6,3,2,3,6,4,3,2,2,6,3,0,4,1,2,6,5,2,4,4,6,1,4,2,0,5,8,4,6,0,1,6,5,1,3,4,5,2,2,2,2,1,1,3,8,9,1,9,13,1,3,2,6,2,0,5,1,12,3,4,5,6,3,9,1,8,10,2,5,14,7
several,2,0,3,4,4,6,2,4,3,2,1,0,2,0,1,2,1,2,0,1,1,2,1,5,0,1,0,0,2,0,0,0,0,0,0,2,1,3,0,3,4,2,3,0,1,5,0,2,0,0,0,1,1,2,1,2,0,2,3,6,0,5,5,1,1,2,0,2,2,0,1,0,1,3,2,6,7,3,6,0,6,4,2,7,5
independent,1,1,2,0,0,5,0,0,0,1,0,0,0,1,1,0,0,0,2,1,2,0,0,1,0,0,1,1,0,2,0,0,0,2,1,3,0,0,0,0,0,1,1,0,1,2,1,0,2,0,0,0,0,2,0,1,0,2,1,5,0,1,1,2,0,1,1,2,5,3,0,0,0,0,1,4,2,0,0,1,0,1,1,1,0
upon,1,0,1,0,1,0,0,0,2,0,0,0,0,0,0,6,7,2,10,6,6,6,6,13,7,7,2,6,4,3,10,13,13,2,9,10,9,6,3,8,3,10,11,6,2,12,4,6,3,5,13,3,5,10,10,9,2,11,6,13,4,20,13,12,3,4,1,0,0,0,0,0,0,1,4,0,0,0,2,0,0,0,0,0,0
necessity,1,2,1,0,0,2,0,1,0,0,0,0,0,2,2,2,1,0,1,1,0,2,0,6,3,5,3,1,1,3,0,3,3,2,1,0,4,1,3,1,0,1,0,0,0,3,0,1,0,2,2,0,2,2,1,2,0,0,2,3,1,1,1,3,3,2,1,0,0,0,1,1,1,3,5,0,1,3,3,4,2,0,1,0,1
well,1,1,1,2,1,4,3,4,2,2,0,2,1,4,4,3,4,1,1,0,1,3,1,3,1,0,2,0,0,0,1,1,0,0,1,3,4,4,0,2,1,2,2,2,2,3,6,2,2,3,2,0,1,2,1,5,1,2,3,6,1,5,7,2,0,2,4,7,4,1,8,3,0,6,2,4,1,2,4,5,3,1,4,1,1
without,0,1,3,2,3,2,1,3,1,2,2,3,0,6,5,2,3,0,7,3,1,0,2,3,2,7,1,3,1,4,0,2,3,2,1,3,2,2,3,4,0,0,1,1,2,4,0,4,0,1,2,1,0,1,3,1,1,1,3,6,2,6,6,3,0,3,2,0,2,1,2,4,0,6,5,1,3,3,6,11,6,2,1,0,3
the,240,208,137,178,101,202,186,194,204,182,137,216,213,192,290,188,176,74,254,193,162,132,184,296,187,149,175,201,149,166,222,164,162,150,158,186,188,251,178,224,151,220,251,183,142,320,166,288,180,178,207,104,208,210,182,313,89,207,255,389,168,485,390,246,158,170,107,93,86,66,174,261,202,230,271,300,294,336,262,356,315,278,303,327,169
less,3,0,1,3,0,6,4,6,3,5,1,5,0,6,5,3,1,5,2,1,3,1,1,4,0,1,4,1,5,0,0,2,2,0,0,0,3,3,2,6,7,1,2,4,4,4,2,1,3,3,4,1,1,2,2,4,3,2,3,3,1,4,5,1,3,1,2,2,0,0,2,7,3,6,7,1,6,1,3,5,4,6,4,1,3
being,4,1,2,1,0,3,5,1,6,0,0,0,1,2,3,3,2,2,2,1,1,1,1,1,1,1,2,3,0,1,4,0,0,1,0,0,4,0,0,1,1,0,2,0,0,0,1,3,1,1,3,2,1,1,2,3,1,2,1,3,2,5,1,0,3,1,3,1,1,3,1,6,1,0,2,1,0,2,2,2,2,0,1,1,6
executive,0,1,1,4,4,4,0,0,0,0,2,2,0,0,2,0,0,0,0,0,0,0,0,0,0,2,1,4,1,0,0,0,0,0,0,1,0,0,0,0,0,3,10,2,3,4,0,29,10,4,20,2,8,3,11,5,0,0,0,0,0,0,1,1,2,0,0,1,0,0,2,0,0,1,6,2,0,0,0,1,3,1,1,60,19
yet,0,0,1,0,0,0,0,3,1,1,1,3,1,0,2,0,1,0,2,1,1,1,0,3,1,1,2,1,0,0,1,1,2,1,2,3,0,2,2,1,0,1,3,0,2,2,2,3,1,0,0,0,2,2,1,2,2,0,2,4,1,5,4,2,0,1,3,3,0,3,4,3,1,5,3,0,0,1,3,1,1,3,0,1,1
other,2,5,4,6,8,13,8,14,15,11,5,3,9,6,11,10,14,1,6,2,7,3,6,5,7,6,8,2,2,4,1,7,7,5,3,12,8,8,4,8,8,8,8,4,5,20,9,3,11,2,12,4,4,10,5,13,2,9,7,6,2,21,10,3,6,5,4,7,11,4,4,22,7,12,4,10,3,10,16,20,9,7,9,12,12
has,0,7,10,2,1,2,3,8,2,5,4,4,11,3,5,8,13,2,14,7,4,6,9,20,5,9,5,6,3,5,5,10,1,2,3,6,3,9,6,3,0,1,11,12,6,12,10,10,5,5,14,2,7,5,9,6,8,4,6,12,0,22,19,15,8,12,6,5,1,0,5,4,8,10,12,9,10,18,13,11,7,4,4,17,6
confederacy,8,5,3,0,0,1,0,0,1,0,0,0,0,0,0,2,0,7,2,4,1,0,2,1,1,0,1,0,4,1,1,1,0,0,0,0,0,0,0,0,0,0,0,0,0,2,1,0,0,0,0,0,0,0,0,0,0,5,1,0,0,0,0,1,2,6,0,1,1,3,0,1,1,0,1,2,0,0,3,2,1,3,0,0,0
government,7,1,4,12,2,22,10,15,5,4,2,14,9,19,9,5,8,7,13,12,9,9,9,13,15,4,10,9,16,16,8,14,10,3,7,8,4,14,12,10,2,7,5,2,7,7,2,13,5,5,4,2,3,3,5,9,2,2,6,7,3,16,23,10,3,17,9,15,16,2,2,13,9,11,19,32,25,13,7,22,11,21,22,9,13
situation,0,1,0,0,0,0,0,0,1,0,3,2,0,3,1,4,3,0,3,1,1,0,2,3,0,2,2,2,1,2,0,5,0,0,0,0,3,4,3,2,1,1,0,1,3,0,1,0,1,3,1,0,0,1,0,0,2,3,0,0,1,3,0,3,6,1,0,0,6,0,0,2,1,2,3,0,1,4,0,0,0,0,0,0,0
community,0,1,0,2,0,1,0,0,0,0,0,0,0,0,2,0,1,0,1,1,2,0,1,1,1,0,1,5,2,4,0,2,1,0,0,7,4,3,0,1,0,3,1,0,1,0,0,3,3,5,2,1,1,0,2,3,0,0,0,0,0,1,1,2,1,0,0,0,0,0,1,1,0,0,0,0,0,0,0,0,1,0,0,0,0
necessary,2,2,0,2,0,6,4,3,1,2,5,2,0,1,4,0,0,2,2,3,2,0,1,5,4,0,2,3,0,1,6,2,3,0,8,2,3,2,2,1,1,1,3,2,3,3,0,4,0,2,2,2,2,1,2,2,2,0,3,4,0,4,2,1,3,0,0,2,1,2,2,2,2,0,3,1,4,13,3,4,15,2,2,1,3
like,2,0,1,2,0,1,0,0,2,0,0,1,2,0,2,0,0,1,0,1,0,0,3,1,0,0,3,0,2,1,1,1,1,2,2,0,0,2,0,0,3,0,0,0,0,2,1,0,1,2,0,0,0,0,0,1,0,2,0,2,1,2,1,0,1,1,0,3,1,2,4,1,0,1,1,3,0,1,1,4,1,1,2,1,0
either,0,1,0,1,3,0,0,2,0,2,2,0,0,0,0,3,0,0,2,3,1,2,6,4,0,4,1,0,0,4,0,2,1,1,1,2,2,9,2,5,0,3,1,1,0,3,5,6,5,1,4,0,4,9,3,6,1,3,2,4,2,10,2,1,1,3,0,5,4,1,3,1,1,2,3,4,1,2,1,3,1,1,2,4,4
become,2,1,0,0,0,0,0,5,0,1,0,0,1,0,0,2,1,0,1,2,0,0,0,0,0,1,0,2,1,2,0,0,2,0,1,1,0,2,0,0,1,1,1,0,1,2,2,0,0,0,2,0,1,0,1,0,2,2,0,0,0,1,0,2,1,1,1,1,2,1,4,0,0,0,1,0,0,2,3,5,1,0,1,1,0
right,2,1,0,1,0,0,3,0,3,0,0,6,1,1,2,0,1,0,2,0,0,3,4,5,0,4,0,0,0,1,2,3,2,1,0,0,0,1,1,4,0,0,3,0,1,6,0,1,1,1,0,1,0,0,4,1,0,3,0,2,1,1,2,0,0,0,1,1,1,0,0,0,0,0,0,0,1,0,1,11,5,0,0,0,0
often,2,1,1,0,1,0,1,2,0,0,0,0,1,0,1,2,0,0,2,4,0,1,0,4,0,0,0,2,1,1,1,1,0,0,0,0,4,1,0,0,0,3,1,0,0,1,4,6,2,1,5,4,2,5,2,0,0,0,0,0,0,2,0,1,4,0,2,2,4,1,4,2,3,0,0,0,0,1,1,0,1,0,2,1,0
people,2,4,2,17,4,8,13,7,5,9,4,19,10,10,42,1,4,3,5,5,9,6,7,10,4,5,5,9,8,12,9,4,6,2,3,3,6,7,6,9,5,3,2,4,9,4,4,6,12,8,1,2,4,3,4,14,1,1,1,1,1,3,11,7,9,3,22,8,8,3,6,5,6,6,6,25,13,9,3,3,6,18,28,1,7
senate,2,0,0,0,0,0,0,1,0,2,0,0,6,10,23,0,0,0,0,0,0,0,0,0,0,0,0,1,1,0,0,0,0,0,0,0,2,0,3,6,4,6,23,15,4,5,0,0,0,0,0,0,12,10,14,0,1,0,0,2,0,0,3,0,0,1,0,0,0,0,9,0,0,0,5,6,0,0,0,1,1,1,0,4,0
some,2,3,4,2,5,6,3,12,7,1,3,5,4,5,12,2,2,0,2,3,1,0,3,4,1,4,5,4,1,0,1,1,3,0,1,4,1,0,4,3,2,4,2,1,1,1,4,2,2,3,2,0,2,5,6,3,3,7,8,6,1,8,1,2,2,2,4,2,2,2,3,3,7,4,10,3,7,2,1,2,5,1,1,4,7
authority,6,1,6,2,0,6,1,2,0,0,4,1,1,2,3,0,0,1,7,6,5,0,2,7,4,4,3,8,8,5,5,2,0,12,7,5,0,3,1,1,0,2,4,0,0,11,0,6,2,0,2,2,1,0,1,8,0,0,13,8,9,5,1,2,1,5,0,0,0,0,1,0,1,1,4,13,4,1,7,18,10,5,2,6,3
proper,0,1,1,1,1,2,2,2,3,1,3,1,2,2,2,1,1,0,3,0,2,0,3,1,4,1,1,2,1,1,4,3,1,0,7,5,3,3,0,0,0,1,3,0,1,1,0,0,0,0,2,0,3,2,2,3,1,1,8,5,2,9,3,0,1,1,1,3,1,1,2,3,4,1,4,0,0,2,2,2,8,1,0,1,0
for,7,7,18,11,6,13,13,21,10,17,7,19,13,16,26,18,8,1,18,9,11,12,5,21,17,10,11,21,7,15,17,23,6,4,9,26,11,12,13,13,17,16,16,11,16,18,13,24,10,14,14,9,7,12,19,15,15,14,12,21,4,39,27,12,9,10,13,11,12,7,14,18,20,12,21,14,23,35,22,28,20,12,11,7,16
shall,0,2,0,2,0,1,2,1,2,1,0,3,3,0,1,3,1,3,1,1,1,7,5,2,2,1,6,2,0,0,3,0,0,5,2,3,4,3,2,2,2,0,1,7,4,6,1,2,1,1,6,1,6,8,3,3,4,1,5,7,10,5,22,3,0,4,1,0,6,1,2,2,0,0,3,0,6,4,9,7,15,0,0,7,3
be,6,14,7,47,31,63,46,51,40,51,36,43,52,61,60,44,40,25,44,55,24,34,40,54,45,52,52,54,34,41,50,49,36,30,32,42,45,79,44,66,37,65,39,18,36,51,18,38,38,41,49,24,28,73,38,66,30,47,48,85,36,105,94,34,35,26,15,31,25,31,57,61,45,47,51,52,54,74,48,78,54,52,72,35,31
who,11,6,3,5,3,1,0,4,6,3,2,8,5,5,3,5,1,3,6,5,2,8,5,3,3,1,2,3,1,4,9,7,2,0,4,4,6,4,5,7,4,12,8,6,13,5,7,16,7,4,8,0,2,16,3,5,4,2,0,5,0,10,8,10,0,3,8,3,3,3,18,9,1,3,14,0,9,8,4,5,2,1,6,6,5
by,33,22,19,15,11,23,22,31,26,14,10,25,22,28,51,20,15,5,32,13,9,14,22,30,11,14,22,21,14,7,10,14,9,10,14,4,10,21,17,21,5,16,13,14,12,22,11,15,15,17,27,2,16,25,16,25,4,28,13,32,4,82,31,11,11,13,10,18,14,10,30,39,18,30,37,33,55,32,31,47,28,11,21,42,28
on,16,17,7,16,11,21,19,8,19,9,11,19,18,19,20,5,12,3,10,4,2,9,6,9,2,11,11,7,4,1,3,8,5,14,5,11,8,6,6,6,6,5,7,3,3,6,2,14,7,6,5,4,5,4,3,10,5,13,9,16,0,18,21,18,11,9,8,6,11,5,14,18,17,19,15,25,13,27,22,33,28,10,32,20,16
of,135,125,81,101,60,113,101,128,117,122,112,151,117,145,176,180,141,58,196,143,110,106,151,242,100,120,126,148,93,97,154,113,105,91,90,137,130,178,113,145,100,131,168,110,88,234,154,184,100,120,143,83,149,138,144,188,55,158,169,248,94,331,293,172,135,155,83,62,72,53,99,157,124,159,190,157,174,204,184,223,171,143,162,187,100
must,0,2,3,3,1,11,9,2,2,6,2,4,3,11,12,2,16,3,9,9,1,3,4,9,9,6,5,4,2,7,1,12,8,1,7,4,1,10,2,6,2,2,5,3,1,5,1,9,4,7,1,0,3,6,4,14,2,3,1,3,2,15,12,16,3,1,4,0,0,3,6,10,2,21,4,5,4,15,4,8,6,6,9,1,1
or,4,9,8,10,8,7,7,12,9,20,3,22,11,12,16,12,7,3,38,17,13,6,21,21,8,12,15,12,14,8,17,20,13,11,12,12,12,28,7,19,8,18,12,5,6,14,19,22,17,16,24,12,9,26,9,19,4,10,22,21,13,26,21,12,17,11,10,32,24,10,14,22,11,13,17,14,10,21,15,21,37,8,14,18,11
equally,1,1,0,1,1,1,0,0,1,1,0,0,0,1,0,0,1,0,0,2,1,3,1,0,2,1,1,0,0,1,0,1,1,0,2,0,0,1,1,1,0,1,0,2,1,1,1,0,0,0,0,1,0,0,0,3,1,1,0,1,1,4,2,2,1,1,1,1,0,1,2,1,1,1,4,1,1,0,0,4,1,0,0,0,2
own,2,3,2,1,0,2,0,1,1,2,1,2,1,3,6,4,1,1,2,2,0,4,6,0,1,0,2,3,1,3,1,4,4,2,0,2,7,1,5,5,2,1,3,0,2,3,1,2,2,3,1,0,1,1,1,2,3,4,4,2,1,7,0,5,0,2,1,0,4,0,0,3,5,4,3,2,0,4,6,3,1,1,2,2,2
into,5,4,3,1,2,5,1,2,5,0,4,2,2,6,6,4,7,7,4,3,3,2,0,4,2,1,1,8,3,1,4,6,5,1,4,2,5,4,5,5,3,3,2,1,0,8,7,3,0,0,4,2,2,0,0,2,1,2,1,2,1,2,2,2,5,5,6,0,10,7,1,9,2,5,7,3,7,7,8,7,11,3,4,1,3
within,0,1,1,2,6,2,2,4,0,5,7,0,1,1,4,1,1,0,1,2,2,0,1,0,2,0,1,2,1,1,0,1,0,0,0,2,0,2,0,0,0,0,0,1,1,3,1,0,1,1,1,0,1,0,0,1,0,3,2,2,1,2,1,0,3,2,0,0,0,1,0,4,2,0,0,3,2,2,11,2,1,3,1,1,2
because,3,0,1,1,1,3,2,0,1,0,0,0,0,0,1,1,0,1,1,2,1,1,0,1,1,1,2,2,1,0,2,0,1,4,2,1,0,4,1,2,0,0,1,0,0,1,0,2,0,0,2,0,0,1,2,2,0,1,0,1,0,7,2,1,0,1,0,5,1,0,2,3,1,0,4,0,0,1,0,0,1,0,1,2,1
parties,0,2,0,3,5,4,0,0,1,0,0,0,0,1,0,1,0,0,1,0,0,2,0,2,0,0,0,1,0,0,0,1,1,0,1,0,0,0,0,0,0,2,0,0,0,0,0,4,0,0,0,1,0,2,0,0,0,4,2,0,1,4,1,3,0,0,0,1,0,0,1,12,0,1,0,2,0,0,1,6,0,0,2,0,0
her,5,0,3,0,0,0,0,0,0,1,0,5,0,4,2,13,1,10,0,0,0,0,1,1,0,1,3,0,0,3,0,0,0,0,0,0,1,0,0,0,0,0,0,0,0,0,2,0,0,0,0,0,0,0,0,0,0,4,0,0,0,5,0,0,2,0,0,0,0,7,0,0,3,1,7,0,0,14,0,1,0,0,0,3,0
there,3,1,0,2,0,4,0,2,1,5,3,4,2,0,8,8,9,9,18,4,4,2,8,14,4,6,2,8,8,7,13,5,6,8,2,9,5,18,7,8,5,5,5,3,1,10,8,13,3,9,5,4,3,7,3,12,3,9,7,19,0,22,17,10,2,3,0,1,3,0,6,6,0,2,3,0,4,1,3,2,4,3,0,3,2
long,1,4,4,0,2,0,1,1,0,0,0,0,0,1,0,3,4,0,4,0,0,0,2,2,0,1,3,2,0,1,1,1,0,0,0,1,2,0,0,2,1,0,0,0,0,1,2,0,0,1,0,0,0,1,0,3,1,2,0,1,0,2,2,0,5,2,2,1,0,3,1,3,0,0,2,0,1,3,2,1,2,0,1,0,0
publius,1,1,1,1,1,1,1,1,1,1,1,1,1,1,1,1,1,1,1,1,1,1,1,1,1,1,1,1,1,1,1,1,1,1,1,1,1,1,1,1,1,1,1,1,1,1,1,1,1,1,1,1,1,1,1,1,1,1,1,1,1,1,1,1,1,1,1,1,1,1,1,1,1,0,1,1,1,1,1,1,1,1,1,1,1
was,29,13,7,1,4,1,11,4,1,2,2,4,1,0,9,0,0,0,3,0,6,0,1,7,4,7,4,11,1,1,4,3,0,3,3,2,0,0,1,0,4,2,2,1,11,9,10,6,5,4,2,1,2,2,2,2,1,7,3,2,1,4,7,0,1,2,8,0,1,3,2,2,3,2,12,2,12,3,3,8,4,4,12,4,5
war,6,4,3,0,0,0,0,0,0,1,0,0,0,0,1,1,1,0,2,4,1,0,0,5,1,0,4,2,1,0,2,3,0,0,0,7,0,0,0,0,0,0,0,0,0,3,10,1,0,2,0,2,0,0,0,0,0,2,1,1,0,1,2,1,11,0,2,7,8,2,1,0,0,0,0,0,0,6,0,0,4,3,1,0,2
form,0,3,0,0,0,2,0,3,0,2,0,3,0,2,2,0,1,1,1,2,2,0,1,0,1,2,0,2,0,1,2,0,0,0,0,2,3,0,0,2,0,0,0,1,1,0,1,2,0,1,1,0,1,0,1,1,0,1,1,0,0,6,5,4,0,3,1,0,0,2,4,4,2,1,2,8,2,8,1,6,2,3,3,5,1
but,7,2,5,8,1,9,6,11,8,5,8,8,7,12,13,8,8,2,8,6,3,2,2,16,3,6,4,11,5,4,7,11,8,10,15,9,12,10,9,9,3,5,7,5,9,10,3,15,6,5,10,2,5,7,4,16,3,3,4,20,4,25,18,7,10,6,8,7,10,4,12,11,4,12,20,14,7,14,11,12,8,4,13,5,7
true,0,0,1,4,0,0,0,4,2,1,0,0,0,0,2,0,1,1,2,0,0,2,0,3,3,1,0,0,0,0,0,0,2,0,1,3,3,0,1,0,0,2,1,1,1,1,2,1,1,0,0,0,2,1,1,0,0,1,0,3,0,10,3,0,1,1,1,0,1,1,0,2,1,0,1,1,0,1,1,1,2,2,0,0,0
he,3,6,8,3,0,0,1,3,2,0,0,3,0,2,0,0,1,0,0,0,1,0,0,2,0,18,0,2,0,0,1,2,0,0,0,0,2,0,2,0,0,1,0,5,2,11,4,4,14,26,10,1,2,9,6,2,1,0,1,0,0,0,2,5,0,8,0,2,1,0,3,4,0,1,6,1,1,1,0,1,0,0,0,10,0
made,3,3,1,4,2,2,3,0,0,2,5,0,1,2,2,0,3,0,0,3,0,3,1,1,5,1,0,6,0,1,2,1,1,1,3,3,3,3,0,2,0,0,1,0,3,3,2,3,1,1,0,0,3,6,3,1,2,4,5,4,4,7,4,1,2,2,4,0,0,0,8,2,1,2,5,6,4,2,3,1,5,2,4,4,3
whether,0,0,1,1,4,0,4,1,1,3,0,2,0,0,0,1,0,0,1,2,0,2,0,2,1,0,1,1,0,1,2,0,0,0,0,0,2,1,0,1,1,2,0,1,0,3,2,1,2,3,0,1,0,1,2,0,1,0,2,1,1,2,1,3,0,0,1,3,2,2,5,2,0,0,3,1,5,4,0,1,4,2,3,2,3
us,1,0,1,1,0,1,3,2,0,4,0,1,1,0,3,16,3,1,17,2,1,2,1,4,4,6,5,6,1,1,2,3,0,0,2,6,1,0,1,4,2,0,1,2,0,3,2,3,1,1,2,0,1,2,2,2,0,4,3,7,1,7,3,2,3,3,2,3,8,6,5,2,2,4,6,0,2,0,0,4,1,2,3,2,3
supreme,0,1,0,0,0,2,1,1,0,0,0,0,0,0,0,0,0,0,0,1,0,0,0,1,0,0,0,0,1,1,0,0,1,0,8,0,0,0,0,0,0,4,1,1,1,4,0,1,0,1,1,0,0,1,0,0,0,0,0,22,13,1,0,0,0,1,0,0,0,0,1,0,1,0,2,4,1,0,0,0,1,1,0,9,0
certain,1,2,3,1,0,2,0,1,1,4,1,0,2,1,1,2,0,1,1,1,0,3,0,1,1,1,0,1,0,0,1,1,2,1,1,0,0,4,0,1,0,4,1,0,0,1,0,0,1,3,0,0,0,1,0,1,0,1,0,1,1,6,2,2,1,1,3,0,1,0,1,2,1,2,4,1,1,2,3,1,0,2,2,2,0
influence,1,1,4,4,0,0,2,0,4,0,1,1,2,1,2,1,2,0,3,1,5,1,0,1,0,1,0,0,2,0,1,0,2,0,0,0,3,5,0,3,0,2,6,0,0,5,3,5,2,1,5,0,0,4,7,3,0,1,1,0,0,5,0,1,0,2,1,4,0,0,2,3,0,4,0,0,0,0,0,3,1,8,0,0,4
an,5,9,5,11,3,5,3,6,9,4,3,6,9,13,18,15,11,3,18,13,9,11,10,19,11,9,7,22,5,13,14,7,12,15,8,13,13,15,24,12,5,11,12,8,9,14,11,19,9,12,9,7,12,16,19,16,2,15,8,22,10,20,15,20,13,13,1,3,3,4,6,14,9,10,18,6,12,20,16,12,10,7,9,10,12
britain,0,0,1,0,0,0,2,1,0,0,1,0,0,0,0,4,3,2,0,0,0,0,0,1,0,3,2,1,0,0,0,0,0,0,0,2,0,0,0,0,0,1,0,2,0,12,1,1,0,0,1,0,0,0,0,1,0,1,0,4,0,5,3,0,2,0,0,3,7,2,0,0,1,1,0,0,0,5,0,1,0,0,1,0,0
at,4,5,8,2,9,3,7,2,2,17,5,6,5,5,12,11,13,1,24,11,7,8,4,12,3,7,11,12,4,7,11,6,5,2,2,6,4,4,8,9,12,6,1,5,6,6,6,12,8,12,10,2,2,5,6,3,5,11,3,7,2,19,10,6,11,10,10,1,2,4,5,8,7,2,6,7,7,5,3,7,4,4,6,7,4
happen,0,1,0,1,0,0,0,0,0,1,0,1,0,0,1,1,0,0,0,4,0,1,0,3,0,0,1,0,1,2,0,1,1,0,0,2,5,0,0,0,2,2,2,3,2,0,0,2,1,1,3,0,0,5,1,3,2,0,0,2,0,1,0,0,1,1,0,1,1,4,1,1,0,1,0,0,0,0,0,2,1,1,1,0,0
as,14,10,12,15,11,28,16,22,36,12,10,24,21,16,30,21,19,8,15,19,3,10,18,26,22,13,24,18,11,10,26,22,20,4,14,20,22,35,16,22,18,18,20,15,17,16,19,22,17,16,11,10,17,18,18,30,5,19,20,46,15,54,35,20,16,19,16,24,20,3,39,20,24,29,29,33,33,33,22,39,28,23,21,20,18
no,2,6,2,4,0,4,4,10,8,4,2,4,5,9,6,5,2,4,6,6,0,3,12,6,2,5,2,4,3,6,5,5,3,7,0,8,6,5,8,4,5,3,5,4,3,11,0,10,1,6,5,0,2,6,2,18,4,3,7,8,4,22,27,14,4,2,1,2,1,2,4,5,10,5,17,7,9,9,8,14,18,6,4,15,6
when,5,0,3,2,2,0,3,1,5,1,0,3,2,2,3,4,0,4,4,4,1,1,2,3,0,1,3,3,1,2,2,1,1,0,0,3,4,4,2,0,2,1,1,0,1,4,0,6,2,9,3,6,4,3,4,1,1,1,0,2,1,1,5,1,0,1,4,1,4,1,5,2,0,3,2,1,3,1,2,3,0,0,0,3,0
power,1,3,2,5,2,7,3,4,0,4,1,2,3,2,7,3,1,5,9,3,7,2,5,13,7,2,4,9,2,7,11,8,13,16,20,10,5,15,17,4,6,1,9,11,0,21,4,8,4,2,17,6,13,11,13,7,4,2,4,20,10,10,13,0,5,3,1,3,2,1,12,1,3,3,11,2,6,28,21,6,21,9,3,16,8
congress,1,0,0,0,0,0,1,1,1,4,1,2,0,0,0,0,0,0,1,0,0,0,1,3,1,0,2,0,0,0,1,1,0,5,0,0,0,0,1,0,0,0,0,0,0,1,0,0,0,0,0,0,2,1,1,0,0,1,0,2,3,1,9,2,0,0,7,0,0,0,0,0,1,0,12,2,16,5,3,5,9,3,2,0,1
important,3,3,2,0,2,2,0,1,0,0,1,1,0,3,3,1,0,0,3,0,2,1,1,3,0,1,0,1,1,0,0,0,0,0,1,1,0,0,1,0,0,1,3,0,4,3,0,3,1,0,0,0,1,1,1,2,0,0,1,1,1,0,0,0,1,1,2,0,0,0,2,1,2,5,1,0,4,3,1,3,1,3,1,1,1
we,3,1,2,4,1,2,5,4,4,6,4,9,4,0,6,12,5,11,24,4,1,8,9,14,11,4,8,11,6,4,5,5,6,2,2,21,9,7,2,4,2,1,5,2,3,9,5,6,2,3,0,1,7,4,2,2,4,16,2,2,2,5,11,4,5,6,5,0,10,5,5,9,8,8,9,7,3,7,4,1,2,6,2,7,2
time,0,2,1,1,3,1,5,5,0,10,5,2,6,2,4,3,3,1,6,1,2,1,4,1,1,7,10,13,1,4,2,1,2,0,0,4,1,0,2,5,9,0,0,1,2,8,4,1,4,6,2,1,1,5,5,3,3,1,1,4,3,4,4,5,6,2,2,0,2,1,4,5,2,1,4,1,1,4,0,2,4,1,2,3,3
far,2,1,0,2,0,0,3,3,1,1,4,2,3,1,3,3,6,1,0,2,1,0,1,1,1,1,2,2,2,1,3,3,4,1,1,1,4,5,3,2,1,0,3,2,0,2,2,4,0,1,3,0,1,0,1,4,0,1,2,2,0,4,4,2,0,5,0,1,1,2,3,0,1,2,6,6,3,3,1,0,2,5,3,1,1
